mmsi,length,width,to_bow,to_stern,to_port,to_starboard,Embarcacion,area_m2,Unnamed: 9,NOMBRE,FLOTA,C LOG,Mes,C Costo EP,Sin Pesca Norte,CHIN,CHIS,Sin Pesca Sur,CHD,Sin Pesca CHD,TOTAL Galones,TOTAL TM/descarga,KM Recorrido
760000030,50.0,10.0,5.0,45.0,5.0,5.0,TASA 71,500.0,,DON ABRAHAM,4,T071,7,2140.0,0.0,0.0,0.0,0.0,3705.0,0.0,5845.0,317.234,1312.505877024278
760000030,50.0,10.0,5.0,45.0,5.0,5.0,TASA 71,500.0,,DON ABRAHAM,4,T071,4,0.0,0.0,0.0,0.0,0.0,34415.0,6820.0,41235.0,3638.173,6617.729814184911
760000030,50.0,10.0,5.0,45.0,5.0,5.0,TASA 71,500.0,,DON ABRAHAM,4,T071,3,1110.0,2240.0,35900.0,0.0,0.0,4850.0,0.0,44100.0,3964.511,8239.679166174183
760000030,50.0,10.0,5.0,45.0,5.0,5.0,TASA 71,500.0,,DON ABRAHAM,4,T071,0,2590.0,0.0,10300.0,0.0,0.0,0.0,0.0,12890.0,2020.96,5795.929973656588
760000030,50.0,10.0,5.0,45.0,5.0,5.0,TASA 71,500.0,,DON ABRAHAM,4,T071,8,160.0,0.0,45310.0,0.0,0.0,0.0,0.0,45470.0,6281.710000000001,8656.445035855586
760000030,50.0,10.0,5.0,45.0,5.0,5.0,TASA 71,500.0,,DON ABRAHAM,4,T071,6,3700.0,0.0,37660.0,0.0,0.0,0.0,0.0,41360.0,4489.0,8210.943810001094
760000030,50.0,10.0,5.0,45.0,5.0,5.0,TASA 71,500.0,,DON ABRAHAM,4,T071,5,1630.0,970.0,8840.0,0.0,0.0,0.0,0.0,11440.0,1091.205,2580.4641988327508
760000030,50.0,10.0,5.0,45.0,5.0,5.0,TASA 71,500.0,,DON ABRAHAM,4,T071,1,2100.0,0.0,0.0,0.0,0.0,0.0,0.0,2100.0,0.0,370.8308274220091
760000030,50.0,10.0,5.0,45.0,5.0,5.0,TASA 71,500.0,,DON ABRAHAM,4,T071,11,2150.0,0.0,0.0,0.0,0.0,0.0,0.0,2150.0,0.0,370.8308274220091
760000030,50.0,10.0,5.0,45.0,5.0,5.0,TASA 71,500.0,,DON ABRAHAM,4,T071,10,1011.0,0.0,0.0,0.0,0.0,0.0,0.0,1011.0,0.0,3.778812197690449
760000030,50.0,10.0,5.0,45.0,5.0,5.0,TASA 71,500.0,,DON ABRAHAM,2,T071,9,4588.0,0.0,21554.0,0.0,0.0,0.0,0.0,26142.0,2968.215,5718.153970604649
760000030,50.0,10.0,5.0,45.0,5.0,5.0,TASA 71,500.0,,DON ABRAHAM,2,T071,2,0.0,0.0,52800.0,0.0,0.0,0.0,0.0,52800.0,7069.815000000001,8608.718816688192
760000060,33.0,6.0,3.0,30.0,3.0,3.0,TASA 218,198.0,,BRAVO 10,1,T218,7,0.0,0.0,0.0,6190.0,2890.0,0.0,0.0,9080.0,1169.925,4375.876446125065
760000060,33.0,6.0,3.0,30.0,3.0,3.0,TASA 218,198.0,,BRAVO 10,1,T218,4,940.0,0.0,0.0,2600.0,1200.0,0.0,0.0,4740.0,622.35,1873.154867268517
760000060,33.0,6.0,3.0,30.0,3.0,3.0,TASA 218,198.0,,BRAVO 10,1,T218,3,0.0,1000.0,9740.0,0.0,0.0,0.0,0.0,10740.0,1284.52,6512.305080172756
760000060,33.0,6.0,3.0,30.0,3.0,3.0,TASA 218,198.0,,BRAVO 10,1,T218,0,1270.0,0.0,710.0,0.0,0.0,0.0,0.0,1980.0,123.445,1006.68214421355
760000060,33.0,6.0,3.0,30.0,3.0,3.0,TASA 218,198.0,,BRAVO 10,1,T218,8,20.0,1590.0,8820.0,0.0,0.0,0.0,0.0,10430.0,2232.402,5334.743026217458
760000060,33.0,6.0,3.0,30.0,3.0,3.0,TASA 218,198.0,,BRAVO 10,1,T218,6,0.0,930.0,8270.0,0.0,0.0,0.0,0.0,9200.0,1138.77,4782.986778772568
760000060,33.0,6.0,3.0,30.0,3.0,3.0,TASA 218,198.0,,BRAVO 10,1,T218,5,250.0,0.0,0.0,0.0,0.0,0.0,0.0,250.0,0.0,29.34239042459386
760000060,33.0,6.0,3.0,30.0,3.0,3.0,TASA 218,198.0,,BRAVO 10,1,T218,1,305.0,0.0,0.0,0.0,0.0,0.0,0.0,305.0,0.0,65.08924284202116
760000060,33.0,6.0,3.0,30.0,3.0,3.0,TASA 218,198.0,,BRAVO 10,1,T218,11,80.0,0.0,0.0,0.0,0.0,0.0,0.0,80.0,0.0,12.8075275532801
760000060,33.0,6.0,3.0,30.0,3.0,3.0,TASA 218,198.0,,BRAVO 10,1,T218,10,59.0,0.0,0.0,0.0,0.0,0.0,0.0,59.0,0.0,14.46389274957926
760000060,33.0,6.0,3.0,30.0,3.0,3.0,TASA 218,198.0,,BRAVO 10,3,T218,9,643.0,60.0,5706.0,0.0,0.0,0.0,0.0,6409.0,1345.19,3229.047969393128
760000060,33.0,6.0,3.0,30.0,3.0,3.0,TASA 218,198.0,,BRAVO 10,3,T218,2,44.0,266.0,7780.0,0.0,0.0,0.0,0.0,8090.0,1490.825,4154.709447993858
760000070,44.0,8.0,6.0,38.0,4.0,4.0,TASA 315,352.0,,BRAVO 7,1,T315,7,100.0,0.0,0.0,0.0,0.0,0.0,0.0,100.0,0.0,90.4935648669634
760000070,44.0,8.0,6.0,38.0,4.0,4.0,TASA 315,352.0,,BRAVO 7,1,T315,4,0.0,0.0,0.0,0.0,0.0,0.0,0.0,0.0,0.0,90.4935648669634
760000070,44.0,8.0,6.0,38.0,4.0,4.0,TASA 315,352.0,,BRAVO 7,1,T315,3,360.0,2255.0,10094.0,0.0,0.0,0.0,0.0,12709.0,2204.66,5548.749116815605
760000070,44.0,8.0,6.0,38.0,4.0,4.0,TASA 315,352.0,,BRAVO 7,1,T315,0,575.0,0.0,844.0,0.0,0.0,0.0,0.0,1419.0,462.77,417.5613419107802
760000070,44.0,8.0,6.0,38.0,4.0,4.0,TASA 315,352.0,,BRAVO 7,1,T315,8,22.0,696.0,10493.0,0.0,0.0,0.0,0.0,11211.0,2892.165,5056.068927705533
760000070,44.0,8.0,6.0,38.0,4.0,4.0,TASA 315,352.0,,BRAVO 7,1,T315,6,0.0,774.0,11986.0,0.0,0.0,0.0,0.0,12760.0,2204.565,5880.839275285824
760000070,44.0,8.0,6.0,38.0,4.0,4.0,TASA 315,352.0,,BRAVO 7,1,T315,5,326.0,0.0,2280.0,0.0,0.0,0.0,0.0,2606.0,692.327,1050.550311775947
760000070,44.0,8.0,6.0,38.0,4.0,4.0,TASA 315,352.0,,BRAVO 7,1,T315,1,252.0,0.0,0.0,0.0,0.0,0.0,0.0,252.0,0.0,90.4935648669634
760000070,44.0,8.0,6.0,38.0,4.0,4.0,TASA 315,352.0,,BRAVO 7,1,T315,11,223.0,0.0,0.0,0.0,0.0,0.0,0.0,223.0,0.0,7.698203205464261
760000070,44.0,8.0,6.0,38.0,4.0,4.0,TASA 315,352.0,,BRAVO 7,1,T315,10,101.0,0.0,0.0,0.0,0.0,0.0,0.0,101.0,0.0,50.05982160728843
760000070,44.0,8.0,6.0,38.0,4.0,4.0,TASA 315,352.0,,BRAVO 7,3,T315,9,644.0,0.0,7536.0,0.0,0.0,0.0,0.0,8180.0,3274.96,3351.48742794308
760000070,44.0,8.0,6.0,38.0,4.0,4.0,TASA 315,352.0,,BRAVO 7,3,T315,2,15.0,679.0,9318.0,0.0,0.0,0.0,0.0,10012.0,2588.155,4410.484745031586
760000080,44.0,10.0,5.0,39.0,5.0,5.0,TASA 425,440.0,,BRAVO 9,2,T425,7,1440.0,0.0,0.0,0.0,0.0,0.0,0.0,1440.0,0.0,345.5257886710817
760000080,44.0,10.0,5.0,39.0,5.0,5.0,TASA 425,440.0,,BRAVO 9,2,T425,4,680.0,0.0,0.0,0.0,0.0,0.0,0.0,680.0,0.0,135.86793526230446
760000080,44.0,10.0,5.0,39.0,5.0,5.0,TASA 425,440.0,,BRAVO 9,2,T425,3,269.0,2620.0,21590.0,0.0,0.0,0.0,0.0,24479.0,2395.699999999999,4498.574364828976
760000080,44.0,10.0,5.0,39.0,5.0,5.0,TASA 425,440.0,,BRAVO 9,2,T425,0,1000.0,0.0,4420.0,0.0,0.0,0.0,0.0,5420.0,792.4850000000001,1229.0525207030907
760000080,44.0,10.0,5.0,39.0,5.0,5.0,TASA 425,440.0,,BRAVO 9,2,T425,8,50.0,0.0,29050.0,0.0,0.0,0.0,0.0,29100.0,6129.280000000001,6655.254669816053
760000080,44.0,10.0,5.0,39.0,5.0,5.0,TASA 425,440.0,,BRAVO 9,2,T425,6,0.0,1600.0,28451.0,0.0,0.0,0.0,0.0,30051.0,3205.575,7138.719550440856
760000080,44.0,10.0,5.0,39.0,5.0,5.0,TASA 425,440.0,,BRAVO 9,2,T425,5,1170.0,200.0,7200.0,0.0,0.0,0.0,0.0,8570.0,988.925,1516.3445417391822
760000080,44.0,10.0,5.0,39.0,5.0,5.0,TASA 425,440.0,,BRAVO 9,2,T425,1,230.0,0.0,0.0,0.0,0.0,0.0,0.0,230.0,0.0,90.4935648669634
760000080,44.0,10.0,5.0,39.0,5.0,5.0,TASA 425,440.0,,BRAVO 9,2,T425,11,360.0,0.0,0.0,0.0,0.0,0.0,0.0,360.0,0.0,121.16620669435692
760000080,44.0,10.0,5.0,39.0,5.0,5.0,TASA 425,440.0,,BRAVO 9,2,T425,10,101.0,0.0,0.0,0.0,0.0,0.0,0.0,101.0,0.0,90.4935648669634
760000080,44.0,10.0,5.0,39.0,5.0,5.0,TASA 425,440.0,,BRAVO 9,3,T425,9,3769.0,0.0,14070.0,0.0,0.0,0.0,0.0,17839.0,2643.98,4775.441414210689
760000080,44.0,10.0,5.0,39.0,5.0,5.0,TASA 425,440.0,,BRAVO 9,3,T425,2,370.0,550.0,18570.0,0.0,0.0,0.0,0.0,19490.0,3384.37,5646.586342638913
760000170,48.0,10.0,8.0,40.0,5.0,5.0,TASA 58,480.0,,COPETSA 2,4,T058,7,920.0,0.0,0.0,0.0,0.0,3050.0,2250.0,6220.0,263.809,1217.0169882268913
760000170,48.0,10.0,8.0,40.0,5.0,5.0,TASA 58,480.0,,COPETSA 2,4,T058,4,360.0,0.0,0.0,0.0,0.0,21230.0,0.0,21590.0,1777.155,4451.150959391498
760000170,48.0,10.0,8.0,40.0,5.0,5.0,TASA 58,480.0,,COPETSA 2,4,T058,3,0.0,520.0,24390.0,0.0,0.0,0.0,0.0,24910.0,2578.815000000001,5414.11695089513
760000170,48.0,10.0,8.0,40.0,5.0,5.0,TASA 58,480.0,,COPETSA 2,4,T058,0,860.0,0.0,5670.0,0.0,0.0,0.0,0.0,6530.0,1360.055,3505.2646349355423
760000170,48.0,10.0,8.0,40.0,5.0,5.0,TASA 58,480.0,,COPETSA 2,4,T058,8,350.0,50.0,25670.0,0.0,0.0,0.0,0.0,26070.0,4920.44,7081.048902895669
760000170,48.0,10.0,8.0,40.0,5.0,5.0,TASA 58,480.0,,COPETSA 2,4,T058,6,0.0,0.0,29430.0,0.0,0.0,0.0,0.0,29430.0,4359.389999999999,7330.235061612257
760000170,48.0,10.0,8.0,40.0,5.0,5.0,TASA 58,480.0,,COPETSA 2,4,T058,5,400.0,970.0,5250.0,0.0,0.0,0.0,0.0,6620.0,942.295,1134.6420277270684
760000170,48.0,10.0,8.0,40.0,5.0,5.0,TASA 58,480.0,,COPETSA 2,4,T058,1,750.0,0.0,0.0,0.0,0.0,0.0,0.0,750.0,0.0,135.86793526230446
760000170,48.0,10.0,8.0,40.0,5.0,5.0,TASA 58,480.0,,COPETSA 2,4,T058,11,831.0,0.0,0.0,0.0,0.0,0.0,0.0,831.0,0.0,135.86793526230446
760000170,48.0,10.0,8.0,40.0,5.0,5.0,TASA 58,480.0,,COPETSA 2,4,T058,10,514.0,0.0,0.0,0.0,0.0,0.0,0.0,514.0,0.0,106.20075677534852
760000170,48.0,10.0,8.0,40.0,5.0,5.0,TASA 58,480.0,,COPETSA 2,1,T058,9,5585.0,0.0,14600.0,0.0,0.0,0.0,0.0,20185.0,2775.945,5339.060198072452
760000170,48.0,10.0,8.0,40.0,5.0,5.0,TASA 58,480.0,,COPETSA 2,1,T058,2,0.0,0.0,35250.0,0.0,0.0,0.0,0.0,35250.0,6515.395,6498.014112590665
760000180,28.0,7.0,9.0,19.0,2.0,5.0,TASA 220,196.0,,MACABI 3,1,T220,7,394.0,0.0,0.0,0.0,0.0,0.0,0.0,394.0,0.0,54.66990042894258
760000180,28.0,7.0,9.0,19.0,2.0,5.0,TASA 220,196.0,,MACABI 3,1,T220,4,76.0,0.0,0.0,0.0,0.0,0.0,0.0,76.0,0.0,90.4935648669634
760000180,28.0,7.0,9.0,19.0,2.0,5.0,TASA 220,196.0,,MACABI 3,1,T220,3,4.0,485.0,2040.0,0.0,0.0,0.0,0.0,2529.0,561.365,1830.900920003482
760000180,28.0,7.0,9.0,19.0,2.0,5.0,TASA 220,196.0,,MACABI 3,1,T220,0,194.0,0.0,1770.0,0.0,0.0,0.0,0.0,1964.0,219.925,1058.858971356265
760000180,28.0,7.0,9.0,19.0,2.0,5.0,TASA 220,196.0,,MACABI 3,1,T220,8,33.0,1055.0,5307.0,0.0,0.0,0.0,0.0,6395.0,1382.593,4536.714754569361
760000180,28.0,7.0,9.0,19.0,2.0,5.0,TASA 220,196.0,,MACABI 3,1,T220,6,687.0,0.0,4630.0,0.0,0.0,0.0,0.0,5317.0,832.155,3895.998501531928
760000180,28.0,7.0,9.0,19.0,2.0,5.0,TASA 220,196.0,,MACABI 3,1,T220,5,828.0,0.0,0.0,0.0,0.0,0.0,0.0,828.0,0.0,382.3205018400233
760000180,28.0,7.0,9.0,19.0,2.0,5.0,TASA 220,196.0,,MACABI 3,1,T220,1,130.0,0.0,0.0,0.0,0.0,0.0,0.0,130.0,0.0,20.90673755678038
760000180,28.0,7.0,9.0,19.0,2.0,5.0,TASA 220,196.0,,MACABI 3,1,T220,11,180.0,0.0,0.0,0.0,0.0,0.0,0.0,180.0,0.0,21.08959829119639
760000180,28.0,7.0,9.0,19.0,2.0,5.0,TASA 220,196.0,,MACABI 3,1,T220,10,59.0,0.0,0.0,0.0,0.0,0.0,0.0,59.0,0.0,49.00709166152777
760000180,28.0,7.0,9.0,19.0,2.0,5.0,TASA 220,196.0,,MACABI 3,2,T220,9,361.0,0.0,4365.0,0.0,0.0,0.0,0.0,4726.0,1751.815,2923.842327788917
760000180,28.0,7.0,9.0,19.0,2.0,5.0,TASA 220,196.0,,MACABI 3,2,T220,2,100.0,770.0,4535.0,0.0,0.0,0.0,0.0,5405.0,1479.495,3916.041924521355
760000230,51.0,10.0,5.0,46.0,5.0,5.0,TASA 59,510.0,,COPETSA 1,4,T059,7,1880.0,0.0,0.0,0.0,0.0,0.0,0.0,1880.0,0.0,56.45740875262386
760000230,51.0,10.0,5.0,46.0,5.0,5.0,TASA 59,510.0,,COPETSA 1,4,T059,4,0.0,0.0,0.0,0.0,0.0,31090.0,0.0,31090.0,2592.032,5546.532237711447
760000230,51.0,10.0,5.0,46.0,5.0,5.0,TASA 59,510.0,,COPETSA 1,4,T059,3,900.0,4480.0,25770.0,0.0,0.0,0.0,2660.0,33810.0,1741.95,6916.107839328937
760000230,51.0,10.0,5.0,46.0,5.0,5.0,TASA 59,510.0,,COPETSA 1,4,T059,0,1120.0,0.0,7920.0,0.0,0.0,0.0,0.0,9040.0,1276.515,1891.865297428305
760000230,51.0,10.0,5.0,46.0,5.0,5.0,TASA 59,510.0,,COPETSA 1,4,T059,8,130.0,300.0,34788.0,0.0,0.0,0.0,0.0,35218.0,4552.817,6712.538487947007
760000230,51.0,10.0,5.0,46.0,5.0,5.0,TASA 59,510.0,,COPETSA 1,4,T059,6,630.0,0.0,40330.0,0.0,0.0,0.0,0.0,40960.0,3572.003,7401.092576720443
760000230,51.0,10.0,5.0,46.0,5.0,5.0,TASA 59,510.0,,COPETSA 1,4,T059,5,1140.0,900.0,6990.0,0.0,0.0,0.0,0.0,9030.0,739.527,1384.103433821967
760000230,51.0,10.0,5.0,46.0,5.0,5.0,TASA 59,510.0,,COPETSA 1,4,T059,1,1430.0,0.0,0.0,0.0,0.0,0.0,0.0,1430.0,0.0,57.52003810011972
760000230,51.0,10.0,5.0,46.0,5.0,5.0,TASA 59,510.0,,COPETSA 1,4,T059,11,1460.0,0.0,0.0,0.0,0.0,0.0,0.0,1460.0,0.0,104.6077993806305
760000230,51.0,10.0,5.0,46.0,5.0,5.0,TASA 59,510.0,,COPETSA 1,4,T059,10,1011.0,0.0,0.0,0.0,0.0,0.0,0.0,1011.0,0.0,37.49056003729953
760000230,51.0,10.0,5.0,46.0,5.0,5.0,TASA 59,510.0,,COPETSA 1,2,T059,9,1359.0,0.0,22980.0,0.0,0.0,0.0,0.0,24339.0,2674.68,4465.448934912632
760000230,51.0,10.0,5.0,46.0,5.0,5.0,TASA 59,510.0,,COPETSA 1,2,T059,2,0.0,0.0,43620.0,0.0,0.0,0.0,0.0,43620.0,4215.315,8095.853456936085
760000270,46.0,10.0,7.0,39.0,5.0,5.0,TASA 57,460.0,,COPETSA 4,4,T057,7,1550.0,0.0,0.0,0.0,0.0,0.0,0.0,1550.0,0.0,9.303399043737342
760000270,46.0,10.0,7.0,39.0,5.0,5.0,TASA 57,460.0,,COPETSA 4,4,T057,4,1220.0,0.0,0.0,0.0,0.0,8130.0,750.0,10100.0,644.825,2474.025209862699
760000270,46.0,10.0,7.0,39.0,5.0,5.0,TASA 57,460.0,,COPETSA 4,4,T057,3,200.0,2450.0,19200.0,0.0,0.0,0.0,0.0,21850.0,2217.255,6422.766627835034
760000270,46.0,10.0,7.0,39.0,5.0,5.0,TASA 57,460.0,,COPETSA 4,4,T057,0,800.0,0.0,5050.0,0.0,0.0,0.0,0.0,5850.0,913.49,1181.411501617293
760000270,46.0,10.0,7.0,39.0,5.0,5.0,TASA 57,460.0,,COPETSA 4,4,T057,8,50.0,1800.0,20100.0,0.0,0.0,0.0,0.0,21950.0,2847.116,5867.730988976055
760000270,46.0,10.0,7.0,39.0,5.0,5.0,TASA 57,460.0,,COPETSA 4,4,T057,6,0.0,3150.0,19700.0,0.0,0.0,0.0,0.0,22850.0,2073.523,5908.365834002342
760000270,46.0,10.0,7.0,39.0,5.0,5.0,TASA 57,460.0,,COPETSA 4,4,T057,5,533.0,250.0,4250.0,0.0,0.0,0.0,0.0,5033.0,924.918,915.8017000581314
760000270,46.0,10.0,7.0,39.0,5.0,5.0,TASA 57,460.0,,COPETSA 4,4,T057,1,1100.0,0.0,0.0,0.0,0.0,0.0,0.0,1100.0,0.0,12.83579854043264
760000270,46.0,10.0,7.0,39.0,5.0,5.0,TASA 57,460.0,,COPETSA 4,4,T057,11,1360.0,0.0,0.0,0.0,0.0,0.0,0.0,1360.0,0.0,894.5722820495757
760000270,46.0,10.0,7.0,39.0,5.0,5.0,TASA 57,460.0,,COPETSA 4,4,T057,10,611.0,0.0,0.0,0.0,0.0,0.0,0.0,611.0,0.0,606.6437976932948
760000270,46.0,10.0,7.0,39.0,5.0,5.0,TASA 57,460.0,,COPETSA 4,3,T057,9,4439.0,850.0,15800.0,0.0,0.0,0.0,0.0,21089.0,2449.875,4590.803775088916
760000270,46.0,10.0,7.0,39.0,5.0,5.0,TASA 57,460.0,,COPETSA 4,3,T057,2,0.0,0.0,31400.0,0.0,0.0,0.0,0.0,31400.0,4941.6,7834.329599697036
760000290,38.0,8.0,8.0,30.0,4.0,4.0,TASA 417,304.0,,INANSA,2,T417,7,770.0,0.0,0.0,0.0,1660.0,0.0,0.0,2430.0,0.0,1047.164950752952
760000290,38.0,8.0,8.0,30.0,4.0,4.0,TASA 417,304.0,,INANSA,2,T417,4,155.0,0.0,0.0,0.0,1575.0,0.0,0.0,1730.0,0.0,666.7752187313076
760000290,38.0,8.0,8.0,30.0,4.0,4.0,TASA 417,304.0,,INANSA,2,T417,3,0.0,3366.0,11122.0,0.0,0.0,0.0,0.0,14488.0,2279.829999999999,6933.130553479384
760000290,38.0,8.0,8.0,30.0,4.0,4.0,TASA 417,304.0,,INANSA,2,T417,0,450.0,0.0,1440.0,0.0,0.0,0.0,0.0,1890.0,452.775,716.6366304173998
760000290,38.0,8.0,8.0,30.0,4.0,4.0,TASA 417,304.0,,INANSA,2,T417,8,10.0,1180.0,14670.0,0.0,0.0,0.0,0.0,15860.0,3816.03,6301.10983463038
760000290,38.0,8.0,8.0,30.0,4.0,4.0,TASA 417,304.0,,INANSA,2,T417,6,680.0,0.0,16320.0,0.0,0.0,0.0,0.0,17000.0,2112.321,7222.148002331991
760000290,38.0,8.0,8.0,30.0,4.0,4.0,TASA 417,304.0,,INANSA,2,T417,5,240.0,0.0,1650.0,0.0,0.0,0.0,0.0,1890.0,495.18,615.0818599894569
760000290,38.0,8.0,8.0,30.0,4.0,4.0,TASA 417,304.0,,INANSA,2,T417,1,0.0,0.0,0.0,0.0,0.0,0.0,0.0,0.0,0.0,90.4935648669634
760000290,38.0,8.0,8.0,30.0,4.0,4.0,TASA 417,304.0,,INANSA,2,T417,11,250.0,0.0,0.0,0.0,0.0,0.0,0.0,250.0,0.0,90.4935648669634
760000290,38.0,8.0,8.0,30.0,4.0,4.0,TASA 417,304.0,,INANSA,2,T417,10,109.0,0.0,0.0,0.0,0.0,0.0,0.0,109.0,0.0,90.4935648669634
760000290,38.0,8.0,8.0,30.0,4.0,4.0,TASA 417,304.0,,INANSA,1,T417,9,2167.0,0.0,9617.0,0.0,0.0,0.0,0.0,11784.0,2500.545,4404.696062660467
760000290,38.0,8.0,8.0,30.0,4.0,4.0,TASA 417,304.0,,INANSA,1,T417,2,140.0,0.0,14935.0,0.0,0.0,0.0,0.0,15075.0,3420.505,5776.451494006577
760000310,34.0,8.0,4.0,30.0,4.0,4.0,TASA 31,272.0,,JAYANCA,1,T031,7,0.0,0.0,0.0,4295.0,2245.0,0.0,0.0,6540.0,1509.925,4127.965086467477
760000310,34.0,8.0,4.0,30.0,4.0,4.0,TASA 31,272.0,,JAYANCA,1,T031,4,460.0,0.0,0.0,2140.0,860.0,0.0,0.0,3460.0,556.365,1629.664197698661
760000310,34.0,8.0,4.0,30.0,4.0,4.0,TASA 31,272.0,,JAYANCA,1,T031,3,0.0,300.0,7665.0,0.0,0.0,0.0,0.0,7965.0,2188.61,5033.734674696574
760000310,34.0,8.0,4.0,30.0,4.0,4.0,TASA 31,272.0,,JAYANCA,1,T031,0,220.0,0.0,1850.0,0.0,0.0,0.0,0.0,2070.0,620.095,883.9606280681477
760000310,34.0,8.0,4.0,30.0,4.0,4.0,TASA 31,272.0,,JAYANCA,1,T031,8,0.0,0.0,4690.0,0.0,0.0,0.0,0.0,4690.0,2757.23,4904.335922318059
760000310,34.0,8.0,4.0,30.0,4.0,4.0,TASA 31,272.0,,JAYANCA,1,T031,6,690.0,0.0,8490.0,0.0,0.0,0.0,0.0,9180.0,990.415,3174.953832744999
760000310,34.0,8.0,4.0,30.0,4.0,4.0,TASA 31,272.0,,JAYANCA,1,T031,5,215.0,35.0,0.0,0.0,0.0,0.0,0.0,250.0,0.0,90.4935648669634
760000310,34.0,8.0,4.0,30.0,4.0,4.0,TASA 31,272.0,,JAYANCA,1,T031,1,185.0,0.0,0.0,0.0,0.0,0.0,0.0,185.0,0.0,90.4935648669634
760000310,34.0,8.0,4.0,30.0,4.0,4.0,TASA 31,272.0,,JAYANCA,1,T031,11,195.0,0.0,0.0,0.0,0.0,0.0,0.0,195.0,0.0,90.4935648669634
760000310,34.0,8.0,4.0,30.0,4.0,4.0,TASA 31,272.0,,JAYANCA,1,T031,10,190.0,0.0,0.0,0.0,0.0,0.0,0.0,190.0,0.0,90.4935648669634
760000310,34.0,8.0,4.0,30.0,4.0,4.0,TASA 31,272.0,,JAYANCA,1,T031,9,300.0,0.0,4430.0,0.0,0.0,0.0,0.0,4730.0,1737.52,2940.250244026979
760000310,34.0,8.0,4.0,30.0,4.0,4.0,TASA 31,272.0,,JAYANCA,1,T031,2,50.0,500.0,6720.0,0.0,0.0,0.0,0.0,7270.0,2077.605,4066.775396952853
760000320,45.0,8.0,4.0,41.0,4.0,4.0,TASA 38,360.0,,TARATA 3,3,T038,7,0.0,0.0,0.0,5645.0,2135.0,0.0,0.0,7780.0,1790.37,3950.954132752298
760000320,45.0,8.0,4.0,41.0,4.0,4.0,TASA 38,360.0,,TARATA 3,3,T038,4,380.0,0.0,0.0,1530.0,1150.0,0.0,0.0,3060.0,436.31,973.1983965506702
760000320,45.0,8.0,4.0,41.0,4.0,4.0,TASA 38,360.0,,TARATA 3,3,T038,3,0.0,1855.0,7200.0,0.0,0.0,0.0,0.0,9055.0,1985.815,4206.256414399714
760000320,45.0,8.0,4.0,41.0,4.0,4.0,TASA 38,360.0,,TARATA 3,3,T038,0,110.0,0.0,1985.0,0.0,0.0,0.0,0.0,2095.0,950.69,844.1141115935773
760000320,45.0,8.0,4.0,41.0,4.0,4.0,TASA 38,360.0,,TARATA 3,3,T038,8,15.0,1715.0,8805.0,0.0,0.0,0.0,0.0,10535.0,2891.71,4386.151179642983
760000320,45.0,8.0,4.0,41.0,4.0,4.0,TASA 38,360.0,,TARATA 3,3,T038,6,0.0,637.0,6668.0,0.0,0.0,0.0,0.0,7305.0,1838.545,3982.3366348626064
760000320,45.0,8.0,4.0,41.0,4.0,4.0,TASA 38,360.0,,TARATA 3,3,T038,5,415.0,0.0,0.0,0.0,0.0,0.0,0.0,415.0,0.0,106.20075677534852
760000320,45.0,8.0,4.0,41.0,4.0,4.0,TASA 38,360.0,,TARATA 3,3,T038,1,350.0,0.0,0.0,0.0,0.0,0.0,0.0,350.0,0.0,121.16620669435692
760000320,45.0,8.0,4.0,41.0,4.0,4.0,TASA 38,360.0,,TARATA 3,3,T038,11,350.0,0.0,0.0,0.0,0.0,0.0,0.0,350.0,0.0,121.16620669435692
760000320,45.0,8.0,4.0,41.0,4.0,4.0,TASA 38,360.0,,TARATA 3,3,T038,10,312.0,0.0,0.0,0.0,0.0,0.0,0.0,312.0,0.0,4.369348479899224
760000320,45.0,8.0,4.0,41.0,4.0,4.0,TASA 38,360.0,,TARATA 3,3,T038,9,293.0,20.0,5010.0,0.0,0.0,0.0,0.0,5323.0,2167.5,2743.882670873302
760000320,45.0,8.0,4.0,41.0,4.0,4.0,TASA 38,360.0,,TARATA 3,3,T038,2,485.0,140.0,6920.0,0.0,0.0,0.0,0.0,7545.0,1845.475,4158.177091731523
760000370,38.0,8.0,5.0,33.0,4.0,4.0,TASA 314,304.0,,CONTUMAZA 4,1,T314,7,455.0,0.0,0.0,0.0,0.0,0.0,0.0,455.0,0.0,106.20075677534852
760000370,38.0,8.0,5.0,33.0,4.0,4.0,TASA 314,304.0,,CONTUMAZA 4,1,T314,4,405.0,0.0,0.0,0.0,0.0,0.0,0.0,405.0,0.0,106.20075677534852
760000370,38.0,8.0,5.0,33.0,4.0,4.0,TASA 314,304.0,,CONTUMAZA 4,1,T314,3,0.0,2820.0,11770.0,0.0,0.0,0.0,0.0,14590.0,1792.525,5476.348558863964
760000370,38.0,8.0,5.0,33.0,4.0,4.0,TASA 314,304.0,,CONTUMAZA 4,1,T314,0,220.0,0.0,2730.0,0.0,0.0,0.0,0.0,2950.0,581.105,1097.4516463118218
760000370,38.0,8.0,5.0,33.0,4.0,4.0,TASA 314,304.0,,CONTUMAZA 4,1,T314,8,0.0,3030.0,12690.0,0.0,0.0,0.0,0.0,15720.0,2166.697,5916.2922341776
760000370,38.0,8.0,5.0,33.0,4.0,4.0,TASA 314,304.0,,CONTUMAZA 4,1,T314,6,50.0,0.0,16180.0,0.0,0.0,0.0,0.0,16230.0,1989.11,6427.09879751081
760000370,38.0,8.0,5.0,33.0,4.0,4.0,TASA 314,304.0,,CONTUMAZA 4,1,T314,5,340.0,850.0,3090.0,0.0,0.0,0.0,0.0,4280.0,326.576,6.051357490588764
760000370,38.0,8.0,5.0,33.0,4.0,4.0,TASA 314,304.0,,CONTUMAZA 4,1,T314,1,310.0,0.0,0.0,0.0,0.0,0.0,0.0,310.0,0.0,7.295981250653723
760000370,38.0,8.0,5.0,33.0,4.0,4.0,TASA 314,304.0,,CONTUMAZA 4,1,T314,11,1610.0,0.0,0.0,0.0,0.0,0.0,0.0,1610.0,0.0,345.5257886710817
760000370,38.0,8.0,5.0,33.0,4.0,4.0,TASA 314,304.0,,CONTUMAZA 4,1,T314,10,503.0,0.0,0.0,0.0,0.0,0.0,0.0,503.0,0.0,106.20075677534852
760000370,38.0,8.0,5.0,33.0,4.0,4.0,TASA 314,304.0,,CONTUMAZA 4,1,T314,9,22917.0,400.0,8560.0,0.0,0.0,0.0,0.0,31877.0,2026.42,6222.360499437156
760000370,38.0,8.0,5.0,33.0,4.0,4.0,TASA 314,304.0,,CONTUMAZA 4,1,T314,2,3100.0,970.0,13620.0,0.0,0.0,0.0,0.0,17690.0,2181.635,4909.155865248473
760000390,46.0,10.0,5.0,41.0,5.0,5.0,TASA 426,460.0,,DON ENRIQUE,3,T426,7,400.0,0.0,0.0,0.0,0.0,0.0,0.0,400.0,0.0,114.78726223783347
760000390,46.0,10.0,5.0,41.0,5.0,5.0,TASA 426,460.0,,DON ENRIQUE,3,T426,4,120.0,0.0,0.0,0.0,0.0,0.0,0.0,120.0,0.0,90.4935648669634
760000390,46.0,10.0,5.0,41.0,5.0,5.0,TASA 426,460.0,,DON ENRIQUE,3,T426,3,0.0,1710.0,14430.0,0.0,0.0,0.0,0.0,16140.0,1890.195,6280.1119313986665
760000390,46.0,10.0,5.0,41.0,5.0,5.0,TASA 426,460.0,,DON ENRIQUE,3,T426,0,410.0,0.0,3590.0,0.0,0.0,0.0,0.0,4000.0,603.36,1298.0816150869682
760000390,46.0,10.0,5.0,41.0,5.0,5.0,TASA 426,460.0,,DON ENRIQUE,3,T426,8,282.0,1660.0,14210.0,0.0,0.0,0.0,0.0,16152.0,3315.924,5871.986451283359
760000390,46.0,10.0,5.0,41.0,5.0,5.0,TASA 426,460.0,,DON ENRIQUE,3,T426,6,650.0,0.0,14570.0,0.0,0.0,0.0,0.0,15220.0,2467.465,4765.771321780392
760000390,46.0,10.0,5.0,41.0,5.0,5.0,TASA 426,460.0,,DON ENRIQUE,3,T426,5,270.0,0.0,2660.0,0.0,0.0,0.0,0.0,2930.0,391.97,791.4905514110205
760000390,46.0,10.0,5.0,41.0,5.0,5.0,TASA 426,460.0,,DON ENRIQUE,3,T426,1,0.0,0.0,0.0,0.0,0.0,0.0,0.0,0.0,0.0,90.4935648669634
760000390,46.0,10.0,5.0,41.0,5.0,5.0,TASA 426,460.0,,DON ENRIQUE,3,T426,11,100.0,0.0,0.0,0.0,0.0,0.0,0.0,100.0,0.0,90.4935648669634
760000390,46.0,10.0,5.0,41.0,5.0,5.0,TASA 426,460.0,,DON ENRIQUE,3,T426,10,104.0,0.0,0.0,0.0,0.0,0.0,0.0,104.0,0.0,90.4935648669634
760000390,46.0,10.0,5.0,41.0,5.0,5.0,TASA 426,460.0,,DON ENRIQUE,2,T426,9,1946.0,0.0,11300.0,0.0,0.0,0.0,0.0,13246.0,2361.22,3922.537668559443
760000390,46.0,10.0,5.0,41.0,5.0,5.0,TASA 426,460.0,,DON ENRIQUE,2,T426,2,190.0,1020.0,11640.0,0.0,0.0,0.0,0.0,12850.0,2604.07,4641.227840971238
760000510,42.0,10.0,6.0,36.0,5.0,5.0,TASA 419,420.0,,DOÃA BEILA,4,T419,7,850.0,0.0,0.0,0.0,0.0,0.0,0.0,850.0,0.0,64.67523186034128
760000510,42.0,10.0,6.0,36.0,5.0,5.0,TASA 419,420.0,,DOÃA BEILA,4,T419,4,50.0,0.0,0.0,0.0,0.0,15170.0,0.0,15220.0,1490.129,4474.476544341506
760000510,42.0,10.0,6.0,36.0,5.0,5.0,TASA 419,420.0,,DOÃA BEILA,4,T419,3,50.0,3250.0,15600.0,0.0,0.0,2950.0,0.0,21850.0,2037.185,6525.491864840887
760000510,42.0,10.0,6.0,36.0,5.0,5.0,TASA 419,420.0,,DOÃA BEILA,4,T419,0,500.0,0.0,4180.0,0.0,0.0,0.0,0.0,4680.0,865.385,1111.106512552943
760000510,42.0,10.0,6.0,36.0,5.0,5.0,TASA 419,420.0,,DOÃA BEILA,4,T419,8,38.0,0.0,25460.0,0.0,0.0,0.0,0.0,25498.0,4137.95,7085.036951858036
760000510,42.0,10.0,6.0,36.0,5.0,5.0,TASA 419,420.0,,DOÃA BEILA,4,T419,6,0.0,0.0,26250.0,0.0,0.0,0.0,0.0,26250.0,3223.772,6858.583002634494
760000510,42.0,10.0,6.0,36.0,5.0,5.0,TASA 419,420.0,,DOÃA BEILA,4,T419,5,865.0,1100.0,4450.0,0.0,0.0,0.0,0.0,6415.0,1007.08,1451.958543928344
760000510,42.0,10.0,6.0,36.0,5.0,5.0,TASA 419,420.0,,DOÃA BEILA,4,T419,1,775.0,0.0,0.0,0.0,0.0,0.0,0.0,775.0,0.0,7.625243601543506
760000510,42.0,10.0,6.0,36.0,5.0,5.0,TASA 419,420.0,,DOÃA BEILA,4,T419,11,590.0,0.0,0.0,0.0,0.0,0.0,0.0,590.0,0.0,49.57920222641622
760000510,42.0,10.0,6.0,36.0,5.0,5.0,TASA 419,420.0,,DOÃA BEILA,4,T419,10,306.0,0.0,0.0,0.0,0.0,0.0,0.0,306.0,0.0,2901.646510293002
760000510,42.0,10.0,6.0,36.0,5.0,5.0,TASA 419,420.0,,DOÃA BEILA,3,T419,9,10114.0,0.0,12600.0,0.0,0.0,0.0,0.0,22714.0,2288.27,3963.865936089543
760000510,42.0,10.0,6.0,36.0,5.0,5.0,TASA 419,420.0,,DOÃA BEILA,3,T419,2,0.0,1000.0,26850.0,0.0,0.0,0.0,0.0,27850.0,4278.13,7446.906216008291
760000520,29.0,10.0,21.0,8.0,9.0,1.0,TASA 21,290.0,,LOBO I,3,T021,7,249.0,0.0,0.0,0.0,0.0,0.0,0.0,249.0,0.0,90.4935648669634
760000520,29.0,10.0,21.0,8.0,9.0,1.0,TASA 21,290.0,,LOBO I,3,T021,4,506.0,0.0,0.0,0.0,0.0,0.0,0.0,506.0,0.0,106.20075677534852
760000520,29.0,10.0,21.0,8.0,9.0,1.0,TASA 21,290.0,,LOBO I,3,T021,3,311.0,1316.0,8463.0,0.0,0.0,0.0,0.0,10090.0,1662.425,4549.753336333692
760000520,29.0,10.0,21.0,8.0,9.0,1.0,TASA 21,290.0,,LOBO I,3,T021,0,477.0,0.0,1583.0,0.0,0.0,0.0,0.0,2060.0,700.1899999999999,992.0553564534976
760000520,29.0,10.0,21.0,8.0,9.0,1.0,TASA 21,290.0,,LOBO I,3,T021,8,0.0,2558.0,8008.0,0.0,0.0,0.0,0.0,10566.0,2352.378,3138.214239337145
760000520,29.0,10.0,21.0,8.0,9.0,1.0,TASA 21,290.0,,LOBO I,3,T021,6,0.0,689.0,10364.0,0.0,0.0,0.0,0.0,11053.0,1960.648,5773.458550186698
760000520,29.0,10.0,21.0,8.0,9.0,1.0,TASA 21,290.0,,LOBO I,3,T021,5,190.0,0.0,0.0,0.0,0.0,0.0,0.0,190.0,0.0,90.4935648669634
760000520,29.0,10.0,21.0,8.0,9.0,1.0,TASA 21,290.0,,LOBO I,3,T021,1,191.0,0.0,0.0,0.0,0.0,0.0,0.0,191.0,0.0,90.4935648669634
760000520,29.0,10.0,21.0,8.0,9.0,1.0,TASA 21,290.0,,LOBO I,3,T021,11,361.0,0.0,0.0,0.0,0.0,0.0,0.0,361.0,0.0,121.16620669435692
760000520,29.0,10.0,21.0,8.0,9.0,1.0,TASA 21,290.0,,LOBO I,3,T021,10,310.0,0.0,0.0,0.0,0.0,0.0,0.0,310.0,0.0,1.321649410857777
760000520,29.0,10.0,21.0,8.0,9.0,1.0,TASA 21,290.0,,LOBO I,3,T021,9,278.0,549.0,6324.0,0.0,0.0,0.0,0.0,7151.0,1823.835,3550.894330722976
760000520,29.0,10.0,21.0,8.0,9.0,1.0,TASA 21,290.0,,LOBO I,3,T021,2,139.0,879.0,9038.0,0.0,0.0,0.0,0.0,10056.0,2268.755,5130.502206157298
760000560,25.0,10.0,7.0,18.0,5.0,5.0,TASA 420,250.0,,GUILLERMO,2,T420,7,430.0,0.0,0.0,0.0,0.0,0.0,0.0,430.0,0.0,106.20075677534852
760000560,25.0,10.0,7.0,18.0,5.0,5.0,TASA 420,250.0,,GUILLERMO,2,T420,4,450.0,0.0,0.0,0.0,0.0,0.0,0.0,450.0,0.0,106.20075677534852
760000560,25.0,10.0,7.0,18.0,5.0,5.0,TASA 420,250.0,,GUILLERMO,2,T420,3,300.0,3400.0,12050.0,0.0,0.0,0.0,0.0,15750.0,1943.19,6625.759086041189
760000560,25.0,10.0,7.0,18.0,5.0,5.0,TASA 420,250.0,,GUILLERMO,2,T420,0,230.0,0.0,3190.0,0.0,0.0,0.0,0.0,3420.0,828.225,1194.895790889899
760000560,25.0,10.0,7.0,18.0,5.0,5.0,TASA 420,250.0,,GUILLERMO,2,T420,8,10.0,2050.0,14040.0,0.0,0.0,0.0,0.0,16100.0,3052.72,5689.382928417067
760000560,25.0,10.0,7.0,18.0,5.0,5.0,TASA 420,250.0,,GUILLERMO,2,T420,6,50.0,0.0,17100.0,0.0,0.0,0.0,0.0,17150.0,2234.141,6814.889582697199
760000560,25.0,10.0,7.0,18.0,5.0,5.0,TASA 420,250.0,,GUILLERMO,2,T420,5,590.0,1100.0,4350.0,0.0,0.0,0.0,0.0,6040.0,820.0749999999999,1669.711974402789
760000560,25.0,10.0,7.0,18.0,5.0,5.0,TASA 420,250.0,,GUILLERMO,2,T420,1,470.0,0.0,0.0,0.0,0.0,0.0,0.0,470.0,0.0,11.02420105309674
760000560,25.0,10.0,7.0,18.0,5.0,5.0,TASA 420,250.0,,GUILLERMO,2,T420,11,225.0,0.0,0.0,0.0,0.0,0.0,0.0,225.0,0.0,90.4935648669634
760000560,25.0,10.0,7.0,18.0,5.0,5.0,TASA 420,250.0,,GUILLERMO,2,T420,10,105.0,0.0,0.0,0.0,0.0,0.0,0.0,105.0,0.0,5.729030577782683
760000560,25.0,10.0,7.0,18.0,5.0,5.0,TASA 420,250.0,,GUILLERMO,3,T420,9,3780.0,640.0,8940.0,0.0,0.0,0.0,0.0,13360.0,2822.415,3925.687896063284
760000560,25.0,10.0,7.0,18.0,5.0,5.0,TASA 420,250.0,,GUILLERMO,3,T420,2,435.0,850.0,15915.0,0.0,0.0,0.0,0.0,17200.0,2692.265,6246.021239707227
760000570,43.0,9.0,9.0,34.0,4.0,5.0,TASA 427,387.0,,ESTHER 7,4,T427,7,1350.0,0.0,0.0,0.0,0.0,0.0,0.0,1350.0,0.0,345.5257886710817
760000570,43.0,9.0,9.0,34.0,4.0,5.0,TASA 427,387.0,,ESTHER 7,4,T427,4,1800.0,0.0,0.0,0.0,0.0,0.0,0.0,1800.0,0.0,345.5257886710817
760000570,43.0,9.0,9.0,34.0,4.0,5.0,TASA 427,387.0,,ESTHER 7,4,T427,3,0.0,2400.0,21450.0,0.0,0.0,0.0,0.0,23850.0,1652.985,4395.162904964616
760000570,43.0,9.0,9.0,34.0,4.0,5.0,TASA 427,387.0,,ESTHER 7,4,T427,0,1300.0,150.0,1400.0,0.0,0.0,0.0,0.0,2850.0,229.77,653.3706464514237
760000570,43.0,9.0,9.0,34.0,4.0,5.0,TASA 427,387.0,,ESTHER 7,4,T427,8,0.0,0.0,26150.0,0.0,0.0,0.0,0.0,26150.0,4216.796,6997.064741502038
760000570,43.0,9.0,9.0,34.0,4.0,5.0,TASA 427,387.0,,ESTHER 7,4,T427,6,0.0,0.0,27500.0,0.0,0.0,0.0,0.0,27500.0,2678.962,6934.878739766735
760000570,43.0,9.0,9.0,34.0,4.0,5.0,TASA 427,387.0,,ESTHER 7,4,T427,5,896.0,0.0,7450.0,0.0,0.0,0.0,0.0,8346.0,908.095,1627.5178662088924
760000570,43.0,9.0,9.0,34.0,4.0,5.0,TASA 427,387.0,,ESTHER 7,4,T427,1,1100.0,0.0,0.0,0.0,0.0,0.0,0.0,1100.0,0.0,131.22136449721296
760000570,43.0,9.0,9.0,34.0,4.0,5.0,TASA 427,387.0,,ESTHER 7,4,T427,11,500.0,0.0,0.0,0.0,0.0,0.0,0.0,500.0,0.0,106.20075677534852
760000570,43.0,9.0,9.0,34.0,4.0,5.0,TASA 427,387.0,,ESTHER 7,4,T427,10,113.0,0.0,0.0,0.0,0.0,0.0,0.0,113.0,0.0,90.4935648669634
760000570,43.0,9.0,9.0,34.0,4.0,5.0,TASA 427,387.0,,ESTHER 7,1,T427,9,2187.0,900.0,15300.0,0.0,0.0,0.0,0.0,18387.0,2390.48,4589.680464022188
760000570,43.0,9.0,9.0,34.0,4.0,5.0,TASA 427,387.0,,ESTHER 7,1,T427,2,0.0,60.0,27440.0,0.0,0.0,0.0,0.0,27500.0,4268.394999999999,7336.709093025482
760000580,40.0,8.0,4.0,36.0,4.0,4.0,TASA 22,320.0,,MAYTE,3,T022,7,0.0,0.0,0.0,6025.0,2057.0,0.0,0.0,8082.0,1527.985,4717.345009548018
760000580,40.0,8.0,4.0,36.0,4.0,4.0,TASA 22,320.0,,MAYTE,3,T022,4,1547.0,0.0,0.0,1817.0,773.0,0.0,0.0,4137.0,924.225,2109.228985584657
760000580,40.0,8.0,4.0,36.0,4.0,4.0,TASA 22,320.0,,MAYTE,3,T022,3,0.0,646.0,9810.0,0.0,0.0,0.0,0.0,10456.0,1658.945,5999.789117402265
760000580,40.0,8.0,4.0,36.0,4.0,4.0,TASA 22,320.0,,MAYTE,3,T022,0,140.0,0.0,1627.0,0.0,0.0,0.0,0.0,1767.0,684.555,1094.927473123577
760000580,40.0,8.0,4.0,36.0,4.0,4.0,TASA 22,320.0,,MAYTE,3,T022,8,139.0,1177.0,9637.0,0.0,0.0,0.0,0.0,10953.0,3383.935,5752.7822066802
760000580,40.0,8.0,4.0,36.0,4.0,4.0,TASA 22,320.0,,MAYTE,3,T022,6,0.0,330.0,6910.0,0.0,0.0,0.0,0.0,7240.0,2125.75,3900.05730962959
760000580,40.0,8.0,4.0,36.0,4.0,4.0,TASA 22,320.0,,MAYTE,3,T022,5,446.0,0.0,0.0,0.0,0.0,0.0,0.0,446.0,0.0,12.85041071181861
760000580,40.0,8.0,4.0,36.0,4.0,4.0,TASA 22,320.0,,MAYTE,3,T022,1,263.0,0.0,0.0,0.0,0.0,0.0,0.0,263.0,0.0,15.42195503364424
760000580,40.0,8.0,4.0,36.0,4.0,4.0,TASA 22,320.0,,MAYTE,3,T022,11,150.0,0.0,0.0,0.0,0.0,0.0,0.0,150.0,0.0,6.314880527715991
760000580,40.0,8.0,4.0,36.0,4.0,4.0,TASA 22,320.0,,MAYTE,3,T022,10,111.0,0.0,0.0,0.0,0.0,0.0,0.0,111.0,0.0,90.4935648669634
760000580,40.0,8.0,4.0,36.0,4.0,4.0,TASA 22,320.0,,MAYTE,3,T022,9,481.0,0.0,5733.0,0.0,0.0,0.0,0.0,6214.0,2559.34,3072.018706932233
760000580,40.0,8.0,4.0,36.0,4.0,4.0,TASA 22,320.0,,MAYTE,3,T022,2,293.0,700.0,7613.0,0.0,0.0,0.0,0.0,8606.0,2476.335,4684.764674292645
760000590,51.0,10.0,5.0,46.0,5.0,5.0,TASA 44,510.0,,TASA 44,2,T044,7,1400.0,0.0,0.0,0.0,0.0,0.0,0.0,1400.0,0.0,90.16358561587178
760000590,51.0,10.0,5.0,46.0,5.0,5.0,TASA 44,510.0,,TASA 44,2,T044,4,720.0,0.0,0.0,0.0,0.0,0.0,0.0,720.0,0.0,24.28385446973807
760000590,51.0,10.0,5.0,46.0,5.0,5.0,TASA 44,510.0,,TASA 44,2,T044,3,270.0,2960.0,18810.0,0.0,0.0,0.0,0.0,22040.0,1415.64,5593.409235934381
760000590,51.0,10.0,5.0,46.0,5.0,5.0,TASA 44,510.0,,TASA 44,2,T044,0,940.0,0.0,5360.0,0.0,0.0,0.0,0.0,6300.0,889.415,1072.612225092339
760000590,51.0,10.0,5.0,46.0,5.0,5.0,TASA 44,510.0,,TASA 44,2,T044,8,0.0,0.0,29400.0,0.0,0.0,0.0,0.0,29400.0,3858.145,7175.705272991978
760000590,51.0,10.0,5.0,46.0,5.0,5.0,TASA 44,510.0,,TASA 44,2,T044,6,0.0,0.0,25666.0,0.0,0.0,0.0,0.0,25666.0,2646.115,6437.375714645387
760000590,51.0,10.0,5.0,46.0,5.0,5.0,TASA 44,510.0,,TASA 44,2,T044,5,433.0,720.0,5694.0,0.0,0.0,0.0,0.0,6847.0,623.433,996.4599901026122
760000590,51.0,10.0,5.0,46.0,5.0,5.0,TASA 44,510.0,,TASA 44,2,T044,1,780.0,0.0,0.0,0.0,0.0,0.0,0.0,780.0,0.0,25.01515807543206
760000590,51.0,10.0,5.0,46.0,5.0,5.0,TASA 44,510.0,,TASA 44,2,T044,11,860.0,0.0,0.0,0.0,0.0,0.0,0.0,860.0,0.0,5.539034729249323
760000590,51.0,10.0,5.0,46.0,5.0,5.0,TASA 44,510.0,,TASA 44,2,T044,10,512.0,0.0,0.0,0.0,0.0,0.0,0.0,512.0,0.0,29.41546491714566
760000590,51.0,10.0,5.0,46.0,5.0,5.0,TASA 44,510.0,,TASA 44,1,T044,9,1618.0,0.0,16800.0,0.0,0.0,0.0,0.0,18418.0,2203.46,4272.594930984594
760000590,51.0,10.0,5.0,46.0,5.0,5.0,TASA 44,510.0,,TASA 44,1,T044,2,0.0,0.0,29530.0,0.0,0.0,0.0,0.0,29530.0,4219.119999999999,7938.789143407303
760000620,10.0,3.0,6.0,4.0,3.0,0.0,TASA 52,30.0,,SIPESA 62,4,T052,7,1465.0,0.0,0.0,0.0,0.0,0.0,0.0,1465.0,0.0,345.5257886710817
760000620,10.0,3.0,6.0,4.0,3.0,0.0,TASA 52,30.0,,SIPESA 62,4,T052,4,425.0,0.0,0.0,0.0,0.0,4480.0,2820.0,7725.0,408.292,1115.8959867980043
760000620,10.0,3.0,6.0,4.0,3.0,0.0,TASA 52,30.0,,SIPESA 62,4,T052,3,215.0,1325.0,31865.0,0.0,0.0,0.0,0.0,33405.0,1653.045,6605.997180229317
760000620,10.0,3.0,6.0,4.0,3.0,0.0,TASA 52,30.0,,SIPESA 62,4,T052,0,2952.0,82.0,3552.0,0.0,0.0,0.0,0.0,6586.0,583.965,746.6812429006203
760000620,10.0,3.0,6.0,4.0,3.0,0.0,TASA 52,30.0,,SIPESA 62,4,T052,8,0.0,0.0,30594.0,0.0,0.0,0.0,0.0,30594.0,5309.546,5681.280528836885
760000620,10.0,3.0,6.0,4.0,3.0,0.0,TASA 52,30.0,,SIPESA 62,4,T052,6,0.0,0.0,41085.0,0.0,0.0,0.0,0.0,41085.0,4291.604,7637.500511360062
760000620,10.0,3.0,6.0,4.0,3.0,0.0,TASA 52,30.0,,SIPESA 62,4,T052,5,2752.0,731.0,11445.0,0.0,0.0,0.0,0.0,14928.0,1323.17,2030.199213701071
760000620,10.0,3.0,6.0,4.0,3.0,0.0,TASA 52,30.0,,SIPESA 62,4,T052,1,2847.0,0.0,0.0,0.0,0.0,0.0,0.0,2847.0,0.0,104.3669058589225
760000620,10.0,3.0,6.0,4.0,3.0,0.0,TASA 52,30.0,,SIPESA 62,4,T052,11,650.0,0.0,0.0,0.0,0.0,0.0,0.0,650.0,0.0,51.0365918098114
760000620,10.0,3.0,6.0,4.0,3.0,0.0,TASA 52,30.0,,SIPESA 62,4,T052,10,509.0,0.0,0.0,0.0,0.0,0.0,0.0,509.0,0.0,102.0687832281478
760000620,10.0,3.0,6.0,4.0,3.0,0.0,TASA 52,30.0,,SIPESA 62,3,T052,9,4491.0,0.0,21167.0,0.0,0.0,0.0,0.0,25658.0,2942.28,4240.656205874986
760000620,10.0,3.0,6.0,4.0,3.0,0.0,TASA 52,30.0,,SIPESA 62,3,T052,2,0.0,2330.0,46433.0,0.0,0.0,0.0,0.0,48763.0,5809.139999999999,8657.7773578184
760000650,47.0,10.0,5.0,42.0,5.0,5.0,TASA 53,470.0,,MARU 2,4,T053,7,1750.0,0.0,0.0,0.0,0.0,0.0,0.0,1750.0,0.0,345.5257886710817
760000650,47.0,10.0,5.0,42.0,5.0,5.0,TASA 53,470.0,,MARU 2,4,T053,4,1180.0,0.0,0.0,0.0,0.0,0.0,0.0,1180.0,0.0,787.3135127969189
760000650,47.0,10.0,5.0,42.0,5.0,5.0,TASA 53,470.0,,MARU 2,4,T053,3,0.0,3020.0,22820.0,0.0,0.0,0.0,0.0,25840.0,1606.8,4614.964056277605
760000650,47.0,10.0,5.0,42.0,5.0,5.0,TASA 53,470.0,,MARU 2,4,T053,0,1290.0,0.0,5410.0,0.0,0.0,0.0,0.0,6700.0,1092.865,1552.5436743761584
760000650,47.0,10.0,5.0,42.0,5.0,5.0,TASA 53,470.0,,MARU 2,4,T053,8,8370.0,870.0,27360.0,0.0,0.0,0.0,0.0,36600.0,5153.515,7579.057057783015
760000650,47.0,10.0,5.0,42.0,5.0,5.0,TASA 53,470.0,,MARU 2,4,T053,6,0.0,0.0,27930.0,0.0,0.0,0.0,0.0,27930.0,3183.885,7188.107248563414
760000650,47.0,10.0,5.0,42.0,5.0,5.0,TASA 53,470.0,,MARU 2,4,T053,5,1604.0,0.0,5820.0,0.0,0.0,0.0,0.0,7424.0,1164.027,2891.003546532759
760000650,47.0,10.0,5.0,42.0,5.0,5.0,TASA 53,470.0,,MARU 2,4,T053,1,0.0,0.0,0.0,0.0,0.0,0.0,0.0,0.0,0.0,90.4935648669634
760000650,47.0,10.0,5.0,42.0,5.0,5.0,TASA 53,470.0,,MARU 2,4,T053,11,310.0,0.0,0.0,0.0,0.0,0.0,0.0,310.0,0.0,94.87441889589778
760000650,47.0,10.0,5.0,42.0,5.0,5.0,TASA 53,470.0,,MARU 2,4,T053,10,-7754.0,0.0,0.0,0.0,0.0,0.0,0.0,-7754.0,0.0,90.4935648669634
760000650,47.0,10.0,5.0,42.0,5.0,5.0,TASA 53,470.0,,MARU 2,3,T053,9,3561.0,0.0,16300.0,0.0,0.0,0.0,0.0,19861.0,2590.74,4611.645032298902
760000650,47.0,10.0,5.0,42.0,5.0,5.0,TASA 53,470.0,,MARU 2,3,T053,2,0.0,0.0,35500.0,0.0,0.0,0.0,0.0,35500.0,5471.280000000001,6455.239494335619
760000670,51.0,10.0,5.0,46.0,5.0,5.0,TASA 54,510.0,,JAVIER,4,T054,7,1930.0,0.0,0.0,0.0,0.0,6730.0,0.0,8660.0,371.13,1564.539496772244
760000670,51.0,10.0,5.0,46.0,5.0,5.0,TASA 54,510.0,,JAVIER,4,T054,4,3025.0,0.0,0.0,0.0,0.0,13160.0,0.0,16185.0,403.589,1922.475703173567
760000670,51.0,10.0,5.0,46.0,5.0,5.0,TASA 54,510.0,,JAVIER,4,T054,3,260.0,6055.0,24962.0,0.0,0.0,0.0,0.0,31277.0,2033.68,7093.857800018646
760000670,51.0,10.0,5.0,46.0,5.0,5.0,TASA 54,510.0,,JAVIER,4,T054,0,1780.0,0.0,7013.0,0.0,0.0,0.0,0.0,8793.0,940.995,1426.5890710170472
760000670,51.0,10.0,5.0,46.0,5.0,5.0,TASA 54,510.0,,JAVIER,4,T054,8,45.0,0.0,40269.0,0.0,0.0,0.0,0.0,40314.0,5580.383,7400.406311866232
760000670,51.0,10.0,5.0,46.0,5.0,5.0,TASA 54,510.0,,JAVIER,4,T054,6,969.0,0.0,35124.0,0.0,0.0,0.0,0.0,36093.0,4155.36,6789.765029624925
760000670,51.0,10.0,5.0,46.0,5.0,5.0,TASA 54,510.0,,JAVIER,4,T054,5,1330.0,1580.0,5940.0,0.0,0.0,0.0,0.0,8850.0,719.919,1345.7173973292486
760000670,51.0,10.0,5.0,46.0,5.0,5.0,TASA 54,510.0,,JAVIER,4,T054,1,785.0,0.0,0.0,0.0,0.0,0.0,0.0,785.0,0.0,135.86793526230446
760000670,51.0,10.0,5.0,46.0,5.0,5.0,TASA 54,510.0,,JAVIER,4,T054,11,2535.0,0.0,0.0,0.0,0.0,0.0,0.0,2535.0,0.0,480.4912463136385
760000670,51.0,10.0,5.0,46.0,5.0,5.0,TASA 54,510.0,,JAVIER,4,T054,10,1010.0,0.0,0.0,0.0,0.0,0.0,0.0,1010.0,0.0,131.22136449721296
760000670,51.0,10.0,5.0,46.0,5.0,5.0,TASA 54,510.0,,JAVIER,1,T054,9,2912.0,900.0,22135.0,0.0,0.0,0.0,0.0,25947.0,2685.69,4898.009877736216
760000670,51.0,10.0,5.0,46.0,5.0,5.0,TASA 54,510.0,,JAVIER,1,T054,2,0.0,0.0,46185.0,0.0,0.0,0.0,0.0,46185.0,5581.065000000001,8465.417756224602
760000680,41.0,10.0,5.0,36.0,5.0,5.0,TASA 55,410.0,,TASA 55,4,T055,7,1030.0,0.0,0.0,0.0,0.0,0.0,340.0,1370.0,73.268,73.7675449374707
760000680,41.0,10.0,5.0,36.0,5.0,5.0,TASA 55,410.0,,TASA 55,4,T055,4,320.0,0.0,0.0,0.0,0.0,35545.0,0.0,35865.0,2547.8,6592.017365069151
760000680,41.0,10.0,5.0,36.0,5.0,5.0,TASA 55,410.0,,TASA 55,4,T055,3,40.0,2220.0,29650.0,0.0,0.0,0.0,0.0,31910.0,1902.84,7237.440441281005
760000680,41.0,10.0,5.0,36.0,5.0,5.0,TASA 55,410.0,,TASA 55,4,T055,0,999.4,0.0,5580.0,0.0,0.0,0.0,0.0,6579.4,712.6700000000001,1408.157808541758
760000680,41.0,10.0,5.0,36.0,5.0,5.0,TASA 55,410.0,,TASA 55,4,T055,8,710.0,0.0,36260.0,0.0,0.0,0.0,0.0,36970.0,5289.76,7064.89673795658
760000680,41.0,10.0,5.0,36.0,5.0,5.0,TASA 55,410.0,,TASA 55,4,T055,6,0.0,0.0,41105.0,0.0,0.0,0.0,0.0,41105.0,3620.430000000001,8083.337637088417
760000680,41.0,10.0,5.0,36.0,5.0,5.0,TASA 55,410.0,,TASA 55,4,T055,5,515.0,0.0,7345.0,0.0,0.0,0.0,0.0,7860.0,807.037,1105.530894110872
760000680,41.0,10.0,5.0,36.0,5.0,5.0,TASA 55,410.0,,TASA 55,4,T055,1,0.0,0.0,0.0,0.0,0.0,0.0,0.0,0.0,0.0,90.4935648669634
760000680,41.0,10.0,5.0,36.0,5.0,5.0,TASA 55,410.0,,TASA 55,4,T055,11,670.0,0.0,0.0,0.0,0.0,0.0,0.0,670.0,0.0,8.615413754785168
760000680,41.0,10.0,5.0,36.0,5.0,5.0,TASA 55,410.0,,TASA 55,4,T055,10,502.0,0.0,0.0,0.0,0.0,0.0,0.0,502.0,0.0,107.0510081961794
760000680,41.0,10.0,5.0,36.0,5.0,5.0,TASA 55,410.0,,TASA 55,3,T055,9,4698.0,0.0,17610.0,0.0,0.0,0.0,0.0,22308.0,2316.695,4579.585605732905
760000680,41.0,10.0,5.0,36.0,5.0,5.0,TASA 55,410.0,,TASA 55,3,T055,2,0.0,0.0,43650.0,0.0,0.0,0.0,0.0,43650.0,5554.490000000001,7745.237010193558
760000770,50.0,12.0,8.0,42.0,6.0,6.0,TASA 56,600.0,,SANTA ENMA,4,T056,7,1480.0,0.0,0.0,0.0,0.0,0.0,270.0,1750.0,0.0,114.9342133596666
760000770,50.0,12.0,8.0,42.0,6.0,6.0,TASA 56,600.0,,SANTA ENMA,4,T056,4,0.0,0.0,0.0,0.0,0.0,34500.0,950.0,35450.0,2089.428,7232.476776135139
760000770,50.0,12.0,8.0,42.0,6.0,6.0,TASA 56,600.0,,SANTA ENMA,4,T056,3,700.0,1810.0,35100.0,0.0,0.0,3520.0,0.0,41130.0,2731.142,8809.799960280983
760000770,50.0,12.0,8.0,42.0,6.0,6.0,TASA 56,600.0,,SANTA ENMA,4,T056,0,1210.0,0.0,4530.0,0.0,0.0,0.0,0.0,5740.0,1086.975,823.213335045787
760000770,50.0,12.0,8.0,42.0,6.0,6.0,TASA 56,600.0,,SANTA ENMA,4,T056,8,80.0,0.0,37020.0,0.0,0.0,0.0,0.0,37100.0,5036.43,8098.618713501601
760000770,50.0,12.0,8.0,42.0,6.0,6.0,TASA 56,600.0,,SANTA ENMA,4,T056,6,4920.0,0.0,30110.0,0.0,0.0,0.0,0.0,35030.0,3213.66,7619.859561064397
760000770,50.0,12.0,8.0,42.0,6.0,6.0,TASA 56,600.0,,SANTA ENMA,4,T056,5,809.0,0.0,9100.0,0.0,0.0,0.0,0.0,9909.0,1320.745,1287.454929451549
760000770,50.0,12.0,8.0,42.0,6.0,6.0,TASA 56,600.0,,SANTA ENMA,4,T056,1,1880.0,0.0,0.0,0.0,0.0,0.0,0.0,1880.0,0.0,38.39338812463067
760000770,50.0,12.0,8.0,42.0,6.0,6.0,TASA 56,600.0,,SANTA ENMA,4,T056,11,2710.0,0.0,0.0,0.0,0.0,0.0,0.0,2710.0,0.0,18.06976803245607
760000770,50.0,12.0,8.0,42.0,6.0,6.0,TASA 56,600.0,,SANTA ENMA,4,T056,10,1011.0,0.0,0.0,0.0,0.0,0.0,0.0,1011.0,0.0,47.07235945989987
760000770,50.0,12.0,8.0,42.0,6.0,6.0,TASA 56,600.0,,SANTA ENMA,2,T056,9,2019.0,0.0,20420.0,0.0,0.0,0.0,0.0,22439.0,2407.135,4152.730734558103
760000770,50.0,12.0,8.0,42.0,6.0,6.0,TASA 56,600.0,,SANTA ENMA,2,T056,2,0.0,0.0,44760.0,0.0,0.0,0.0,0.0,44760.0,5229.925000000001,9554.189168178907
760000780,43.0,10.0,5.0,38.0,8.0,2.0,TASA 61,430.0,,SEBASTIAN,2,T061,7,1320.0,0.0,0.0,0.0,0.0,0.0,0.0,1320.0,0.0,345.5257886710817
760000780,43.0,10.0,5.0,38.0,8.0,2.0,TASA 61,430.0,,SEBASTIAN,2,T061,4,3340.0,0.0,0.0,0.0,0.0,0.0,0.0,3340.0,0.0,1008.2823749364655
760000780,43.0,10.0,5.0,38.0,8.0,2.0,TASA 61,430.0,,SEBASTIAN,2,T061,3,630.0,0.0,22540.0,0.0,0.0,0.0,0.0,23170.0,2215.725,1.571073919943444
760000780,43.0,10.0,5.0,38.0,8.0,2.0,TASA 61,430.0,,SEBASTIAN,2,T061,0,1050.0,0.0,6430.0,0.0,0.0,0.0,0.0,7480.0,1234.225,3353.8100724830097
760000780,43.0,10.0,5.0,38.0,8.0,2.0,TASA 61,430.0,,SEBASTIAN,2,T061,8,198.0,0.0,30080.0,0.0,0.0,0.0,0.0,30278.0,4507.175,7175.435006096262
760000780,43.0,10.0,5.0,38.0,8.0,2.0,TASA 61,430.0,,SEBASTIAN,2,T061,6,0.0,0.0,29740.0,0.0,0.0,0.0,0.0,29740.0,4202.406999999999,6666.6629228759575
760000780,43.0,10.0,5.0,38.0,8.0,2.0,TASA 61,430.0,,SEBASTIAN,2,T061,5,1070.0,0.0,690.0,0.0,0.0,0.0,0.0,1760.0,112.435,589.6776363781809
760000780,43.0,10.0,5.0,38.0,8.0,2.0,TASA 61,430.0,,SEBASTIAN,2,T061,1,0.0,0.0,0.0,0.0,0.0,0.0,0.0,0.0,0.0,90.4935648669634
760000780,43.0,10.0,5.0,38.0,8.0,2.0,TASA 61,430.0,,SEBASTIAN,2,T061,11,0.0,0.0,0.0,0.0,0.0,0.0,0.0,0.0,0.0,90.4935648669634
760000780,43.0,10.0,5.0,38.0,8.0,2.0,TASA 61,430.0,,SEBASTIAN,2,T061,10,114.0,0.0,0.0,0.0,0.0,0.0,0.0,114.0,0.0,90.4935648669634
760000780,43.0,10.0,5.0,38.0,8.0,2.0,TASA 61,430.0,,SEBASTIAN,2,T061,9,2911.0,1040.0,13675.0,0.0,0.0,0.0,0.0,17626.0,1961.465,5090.780620580428
760000780,43.0,10.0,5.0,38.0,8.0,2.0,TASA 61,430.0,,SEBASTIAN,2,T061,2,420.0,1970.0,24860.0,0.0,0.0,0.0,0.0,27250.0,4704.92,7174.815739476428
760000840,36.0,8.0,4.0,32.0,4.0,4.0,TASA 414,288.0,,ESTRELLA,2,T414,7,370.0,0.0,0.0,0.0,1320.0,0.0,0.0,1690.0,0.0,853.3300224472919
760000840,36.0,8.0,4.0,32.0,4.0,4.0,TASA 414,288.0,,ESTRELLA,2,T414,4,175.0,0.0,0.0,1285.0,1710.0,0.0,0.0,3170.0,271.645,4.052415924149972
760000840,36.0,8.0,4.0,32.0,4.0,4.0,TASA 414,288.0,,ESTRELLA,2,T414,3,0.0,1880.0,13380.0,0.0,0.0,0.0,0.0,15260.0,2654.46,3.630326846768772
760000840,36.0,8.0,4.0,32.0,4.0,4.0,TASA 414,288.0,,ESTRELLA,2,T414,0,150.0,0.0,0.0,0.0,0.0,0.0,0.0,150.0,0.0,90.4935648669634
760000840,36.0,8.0,4.0,32.0,4.0,4.0,TASA 414,288.0,,ESTRELLA,2,T414,8,50.0,1170.0,13360.0,0.0,0.0,0.0,0.0,14580.0,3062.481,5338.620130955663
760000840,36.0,8.0,4.0,32.0,4.0,4.0,TASA 414,288.0,,ESTRELLA,2,T414,6,1150.0,0.0,9980.0,0.0,0.0,0.0,0.0,11130.0,1822.787,3861.882717217442
760000840,36.0,8.0,4.0,32.0,4.0,4.0,TASA 414,288.0,,ESTRELLA,2,T414,5,235.0,0.0,535.0,0.0,0.0,0.0,0.0,770.0,0.0,379.8538477361625
760000840,36.0,8.0,4.0,32.0,4.0,4.0,TASA 414,288.0,,ESTRELLA,2,T414,1,432.0,0.0,0.0,0.0,0.0,0.0,0.0,432.0,0.0,106.20075677534852
760000840,36.0,8.0,4.0,32.0,4.0,4.0,TASA 414,288.0,,ESTRELLA,2,T414,11,318.0,0.0,0.0,0.0,0.0,0.0,0.0,318.0,0.0,2.343701150005146
760000840,36.0,8.0,4.0,32.0,4.0,4.0,TASA 414,288.0,,ESTRELLA,2,T414,10,210.0,0.0,0.0,0.0,0.0,0.0,0.0,210.0,0.0,33.32940266733861
760000840,36.0,8.0,4.0,32.0,4.0,4.0,TASA 414,288.0,,ESTRELLA,2,T414,9,1424.0,0.0,8243.0,0.0,0.0,0.0,0.0,9667.0,2812.365,1.257722941743947
760000840,36.0,8.0,4.0,32.0,4.0,4.0,TASA 414,288.0,,ESTRELLA,2,T414,2,395.0,570.0,11243.0,0.0,0.0,0.0,0.0,12208.0,3249.475,5248.031000752918
760000850,50.0,8.0,5.0,45.0,4.0,4.0,TASA 41,400.0,,DON ANGEL,4,T041,7,900.0,0.0,0.0,0.0,0.0,0.0,310.0,1210.0,0.0,54.93620391562899
760000850,50.0,8.0,5.0,45.0,4.0,4.0,TASA 41,400.0,,DON ANGEL,4,T041,4,150.0,0.0,0.0,0.0,0.0,24741.0,209.0,25100.0,2026.664,4603.680112221423
760000850,50.0,8.0,5.0,45.0,4.0,4.0,TASA 41,400.0,,DON ANGEL,4,T041,3,300.0,1570.0,20980.0,0.0,0.0,0.0,0.0,22850.0,2215.29,5921.53439757146
760000850,50.0,8.0,5.0,45.0,4.0,4.0,TASA 41,400.0,,DON ANGEL,4,T041,0,1220.0,0.0,4090.0,0.0,0.0,0.0,0.0,5310.0,1055.135,807.5271451727328
760000850,50.0,8.0,5.0,45.0,4.0,4.0,TASA 41,400.0,,DON ANGEL,4,T041,8,0.0,1060.0,28270.0,0.0,0.0,0.0,0.0,29330.0,3795.045,6338.74996525707
760000850,50.0,8.0,5.0,45.0,4.0,4.0,TASA 41,400.0,,DON ANGEL,4,T041,6,0.0,0.0,34950.0,0.0,0.0,0.0,0.0,34950.0,3576.675,6965.719612336056
760000850,50.0,8.0,5.0,45.0,4.0,4.0,TASA 41,400.0,,DON ANGEL,4,T041,5,595.0,1020.0,9350.0,0.0,0.0,0.0,0.0,10965.0,1158.535,1998.773422896573
760000850,50.0,8.0,5.0,45.0,4.0,4.0,TASA 41,400.0,,DON ANGEL,4,T041,1,1275.0,0.0,0.0,0.0,0.0,0.0,0.0,1275.0,0.0,12.08064444630726
760000850,50.0,8.0,5.0,45.0,4.0,4.0,TASA 41,400.0,,DON ANGEL,4,T041,11,710.0,0.0,0.0,0.0,0.0,0.0,0.0,710.0,0.0,74.64601640791854
760000850,50.0,8.0,5.0,45.0,4.0,4.0,TASA 41,400.0,,DON ANGEL,4,T041,10,503.0,0.0,0.0,0.0,0.0,0.0,0.0,503.0,0.0,109.9546085524929
760000850,50.0,8.0,5.0,45.0,4.0,4.0,TASA 41,400.0,,DON ANGEL,2,T041,9,4147.0,0.0,18850.0,0.0,0.0,0.0,0.0,22997.0,3639.835,4042.866011018247
760000850,50.0,8.0,5.0,45.0,4.0,4.0,TASA 41,400.0,,DON ANGEL,2,T041,2,130.0,900.0,25000.0,0.0,0.0,0.0,0.0,26030.0,3888.53,6098.262175012062
760000870,31.0,10.0,7.0,24.0,5.0,5.0,TASA 416,310.0,,SALKANTAY,2,T416,7,370.0,0.0,0.0,7410.0,3850.0,0.0,0.0,11630.0,1485.115,4915.700441840504
760000870,31.0,10.0,7.0,24.0,5.0,5.0,TASA 416,310.0,,SALKANTAY,2,T416,4,320.0,0.0,0.0,3110.0,1580.0,0.0,0.0,5010.0,811.05,1665.3071810002762
760000870,31.0,10.0,7.0,24.0,5.0,5.0,TASA 416,310.0,,SALKANTAY,2,T416,3,80.0,3170.0,12030.0,0.0,0.0,0.0,0.0,15280.0,1959.46,4921.9711052914845
760000870,31.0,10.0,7.0,24.0,5.0,5.0,TASA 416,310.0,,SALKANTAY,2,T416,0,180.0,0.0,4300.0,0.0,0.0,0.0,0.0,4480.0,794.845,1253.023199943808
760000870,31.0,10.0,7.0,24.0,5.0,5.0,TASA 416,310.0,,SALKANTAY,2,T416,8,50.0,1550.0,15200.0,0.0,0.0,0.0,0.0,16800.0,4210.690000000001,5779.405645481188
760000870,31.0,10.0,7.0,24.0,5.0,5.0,TASA 416,310.0,,SALKANTAY,2,T416,6,50.0,50.0,16500.0,0.0,0.0,0.0,0.0,16600.0,2100.14,6605.899967029908
760000870,31.0,10.0,7.0,24.0,5.0,5.0,TASA 416,310.0,,SALKANTAY,2,T416,5,300.0,600.0,2700.0,0.0,0.0,0.0,0.0,3600.0,331.695,951.7031456246232
760000870,31.0,10.0,7.0,24.0,5.0,5.0,TASA 416,310.0,,SALKANTAY,2,T416,1,280.0,0.0,0.0,0.0,0.0,0.0,0.0,280.0,0.0,93.8736263828266
760000870,31.0,10.0,7.0,24.0,5.0,5.0,TASA 416,310.0,,SALKANTAY,2,T416,11,170.0,0.0,0.0,0.0,0.0,0.0,0.0,170.0,0.0,90.4935648669634
760000870,31.0,10.0,7.0,24.0,5.0,5.0,TASA 416,310.0,,SALKANTAY,2,T416,10,112.0,0.0,0.0,0.0,0.0,0.0,0.0,112.0,0.0,90.4935648669634
760000870,31.0,10.0,7.0,24.0,5.0,5.0,TASA 416,310.0,,SALKANTAY,3,T416,9,1238.0,450.0,10000.0,0.0,0.0,0.0,0.0,11688.0,2873.43,5135.196764055608
760000870,31.0,10.0,7.0,24.0,5.0,5.0,TASA 416,310.0,,SALKANTAY,3,T416,2,400.0,730.0,14400.0,0.0,0.0,0.0,0.0,15530.0,3166.155000000001,5772.451729653821
760000880,176.0,35.0,144.0,32.0,26.0,9.0,TASA 51,6160.0,,SIPESA 63,4,T051,7,950.0,0.0,0.0,0.0,0.0,0.0,0.0,950.0,0.0,15.59537822047691
760000880,176.0,35.0,144.0,32.0,26.0,9.0,TASA 51,6160.0,,SIPESA 63,4,T051,4,2190.0,0.0,0.0,0.0,0.0,0.0,0.0,2190.0,0.0,60.97101419350567
760000880,176.0,35.0,144.0,32.0,26.0,9.0,TASA 51,6160.0,,SIPESA 63,4,T051,3,0.0,980.0,30110.0,0.0,0.0,0.0,0.0,31090.0,2850.16,7171.951528332164
760000880,176.0,35.0,144.0,32.0,26.0,9.0,TASA 51,6160.0,,SIPESA 63,4,T051,0,1440.0,0.0,7630.0,0.0,0.0,0.0,0.0,9070.0,1190.205,1706.967773688169
760000880,176.0,35.0,144.0,32.0,26.0,9.0,TASA 51,6160.0,,SIPESA 63,4,T051,8,150.0,0.0,35850.0,0.0,0.0,0.0,0.0,36000.0,5121.344,7858.320983888407
760000880,176.0,35.0,144.0,32.0,26.0,9.0,TASA 51,6160.0,,SIPESA 63,4,T051,6,0.0,0.0,35170.0,0.0,0.0,0.0,0.0,35170.0,4116.65,6964.350992180591
760000880,176.0,35.0,144.0,32.0,26.0,9.0,TASA 51,6160.0,,SIPESA 63,4,T051,5,1740.0,1030.0,6530.0,0.0,0.0,0.0,0.0,9300.0,932.315,1456.314323067797
760000880,176.0,35.0,144.0,32.0,26.0,9.0,TASA 51,6160.0,,SIPESA 63,4,T051,1,2750.0,0.0,0.0,0.0,0.0,0.0,0.0,2750.0,0.0,100.3414810141745
760000880,176.0,35.0,144.0,32.0,26.0,9.0,TASA 51,6160.0,,SIPESA 63,4,T051,11,2030.0,0.0,0.0,0.0,0.0,0.0,0.0,2030.0,0.0,67.73255685196422
760000880,176.0,35.0,144.0,32.0,26.0,9.0,TASA 51,6160.0,,SIPESA 63,4,T051,10,1003.0,0.0,0.0,0.0,0.0,0.0,0.0,1003.0,0.0,82.02731209357094
760000880,176.0,35.0,144.0,32.0,26.0,9.0,TASA 51,6160.0,,SIPESA 63,2,T051,9,3677.0,0.0,18540.0,0.0,0.0,0.0,0.0,22217.0,3001.325,4058.30971620526
760000880,176.0,35.0,144.0,32.0,26.0,9.0,TASA 51,6160.0,,SIPESA 63,2,T051,2,0.0,0.0,40430.0,0.0,0.0,0.0,0.0,40430.0,6436.954999999998,7637.484303865672
760000910,35.0,8.0,5.0,30.0,5.0,3.0,TASA 42,280.0,,CARMEN LUISA,4,T042,7,580.0,0.0,0.0,0.0,0.0,3400.0,3220.0,7200.0,320.889,889.3837868156212
760000910,35.0,8.0,5.0,30.0,5.0,3.0,TASA 42,280.0,,CARMEN LUISA,4,T042,4,1100.0,0.0,0.0,0.0,0.0,21100.0,0.0,22200.0,1378.669,4029.621389594622
760000910,35.0,8.0,5.0,30.0,5.0,3.0,TASA 42,280.0,,CARMEN LUISA,4,T042,3,0.0,0.0,33200.0,0.0,0.0,0.0,0.0,33200.0,1370.495,6818.24274599769
760000910,35.0,8.0,5.0,30.0,5.0,3.0,TASA 42,280.0,,CARMEN LUISA,4,T042,0,1150.0,0.0,5050.0,0.0,0.0,0.0,0.0,6200.0,629.6400000000001,1437.870893773646
760000910,35.0,8.0,5.0,30.0,5.0,3.0,TASA 42,280.0,,CARMEN LUISA,4,T042,8,130.0,2400.0,33350.0,0.0,0.0,0.0,0.0,35880.0,4158.555,6172.961098082595
760000910,35.0,8.0,5.0,30.0,5.0,3.0,TASA 42,280.0,,CARMEN LUISA,4,T042,6,0.0,0.0,43400.0,0.0,0.0,0.0,0.0,43400.0,3898.956,7731.999119024346
760000910,35.0,8.0,5.0,30.0,5.0,3.0,TASA 42,280.0,,CARMEN LUISA,4,T042,5,991.0,380.0,6490.0,0.0,0.0,0.0,0.0,7861.0,907.375,1133.425295936406
760000910,35.0,8.0,5.0,30.0,5.0,3.0,TASA 42,280.0,,CARMEN LUISA,4,T042,1,540.0,0.0,0.0,0.0,0.0,0.0,0.0,540.0,0.0,38.78893000326004
760000910,35.0,8.0,5.0,30.0,5.0,3.0,TASA 42,280.0,,CARMEN LUISA,4,T042,11,1020.0,0.0,0.0,0.0,0.0,0.0,0.0,1020.0,0.0,15.68609009605796
760000910,35.0,8.0,5.0,30.0,5.0,3.0,TASA 42,280.0,,CARMEN LUISA,4,T042,10,708.0,0.0,0.0,0.0,0.0,0.0,0.0,708.0,0.0,108.6422200509479
760000910,35.0,8.0,5.0,30.0,5.0,3.0,TASA 42,280.0,,CARMEN LUISA,1,T042,9,2702.0,0.0,13220.0,0.0,0.0,0.0,0.0,15922.0,1804.595,3074.473575059741
760000910,35.0,8.0,5.0,30.0,5.0,3.0,TASA 42,280.0,,CARMEN LUISA,1,T042,2,485.0,85.0,19290.0,0.0,0.0,0.0,0.0,19860.0,2436.845,3912.318313177796
760000920,38.0,8.0,4.0,34.0,4.0,4.0,TASA 411,304.0,,SIPAN,2,T411,7,438.0,0.0,0.0,0.0,0.0,0.0,0.0,438.0,0.0,11.19049083298079
760000920,38.0,8.0,4.0,34.0,4.0,4.0,TASA 411,304.0,,SIPAN,2,T411,4,415.0,0.0,0.0,0.0,0.0,0.0,0.0,415.0,0.0,61.1618769982089
760000920,38.0,8.0,4.0,34.0,4.0,4.0,TASA 411,304.0,,SIPAN,2,T411,3,0.0,550.0,15258.0,0.0,0.0,0.0,0.0,15808.0,1789.795,6004.972922435922
760000920,38.0,8.0,4.0,34.0,4.0,4.0,TASA 411,304.0,,SIPAN,2,T411,0,347.0,0.0,2770.0,0.0,0.0,0.0,0.0,3117.0,666.4100000000001,956.4888724709148
760000920,38.0,8.0,4.0,34.0,4.0,4.0,TASA 411,304.0,,SIPAN,2,T411,8,50.0,1370.0,15900.0,0.0,0.0,0.0,0.0,17320.0,2987.931,5725.090205161045
760000920,38.0,8.0,4.0,34.0,4.0,4.0,TASA 411,304.0,,SIPAN,2,T411,6,50.0,0.0,16900.0,0.0,0.0,0.0,0.0,16950.0,2023.961,6153.368255188768
760000920,38.0,8.0,4.0,34.0,4.0,4.0,TASA 411,304.0,,SIPAN,2,T411,5,485.0,510.0,3790.0,0.0,0.0,0.0,0.0,4785.0,857.07,1726.08523499383
760000920,38.0,8.0,4.0,34.0,4.0,4.0,TASA 411,304.0,,SIPAN,2,T411,1,361.0,0.0,0.0,0.0,0.0,0.0,0.0,361.0,0.0,58.17992923166395
760000920,38.0,8.0,4.0,34.0,4.0,4.0,TASA 411,304.0,,SIPAN,2,T411,11,170.0,0.0,0.0,0.0,0.0,0.0,0.0,170.0,0.0,20.61222145604021
760000920,38.0,8.0,4.0,34.0,4.0,4.0,TASA 411,304.0,,SIPAN,2,T411,10,64.0,0.0,0.0,0.0,0.0,0.0,0.0,64.0,0.0,199.5180359915351
760000920,38.0,8.0,4.0,34.0,4.0,4.0,TASA 411,304.0,,SIPAN,1,T411,9,2605.0,720.0,9610.0,0.0,0.0,0.0,0.0,12935.0,2322.345,3959.926493590089
760000920,38.0,8.0,4.0,34.0,4.0,4.0,TASA 411,304.0,,SIPAN,1,T411,2,530.0,940.0,14270.0,0.0,0.0,0.0,0.0,15740.0,2758.64,5496.67851547455
760001140,45.0,8.0,5.0,40.0,4.0,4.0,TASA 413,360.0,,OLMOS II,2,T413,7,300.0,0.0,0.0,0.0,0.0,0.0,0.0,300.0,0.0,93.8736263828266
760001140,45.0,8.0,5.0,40.0,4.0,4.0,TASA 413,360.0,,OLMOS II,2,T413,4,0.0,0.0,0.0,0.0,0.0,0.0,0.0,0.0,0.0,90.4935648669634
760001140,45.0,8.0,5.0,40.0,4.0,4.0,TASA 413,360.0,,OLMOS II,2,T413,3,150.0,3560.0,10000.0,0.0,0.0,0.0,0.0,13710.0,2140.08,5974.731143175686
760001140,45.0,8.0,5.0,40.0,4.0,4.0,TASA 413,360.0,,OLMOS II,2,T413,0,564.0,0.0,1826.0,0.0,0.0,0.0,0.0,2390.0,609.125,1077.0232863940344
760001140,45.0,8.0,5.0,40.0,4.0,4.0,TASA 413,360.0,,OLMOS II,2,T413,8,0.0,1290.0,12630.0,0.0,0.0,0.0,0.0,13920.0,3372.273,5278.179582340597
760001140,45.0,8.0,5.0,40.0,4.0,4.0,TASA 413,360.0,,OLMOS II,2,T413,6,900.0,0.0,13220.0,0.0,0.0,0.0,0.0,14120.0,2254.627,5953.922533080679
760001140,45.0,8.0,5.0,40.0,4.0,4.0,TASA 413,360.0,,OLMOS II,2,T413,5,107.0,574.0,3976.0,0.0,0.0,0.0,0.0,4657.0,771.942,1376.185276746192
760001140,45.0,8.0,5.0,40.0,4.0,4.0,TASA 413,360.0,,OLMOS II,2,T413,1,280.0,0.0,0.0,0.0,0.0,0.0,0.0,280.0,0.0,93.8736263828266
760001140,45.0,8.0,5.0,40.0,4.0,4.0,TASA 413,360.0,,OLMOS II,2,T413,11,0.0,0.0,0.0,0.0,0.0,0.0,0.0,0.0,0.0,90.4935648669634
760001140,45.0,8.0,5.0,40.0,4.0,4.0,TASA 413,360.0,,OLMOS II,2,T413,10,0.0,0.0,0.0,0.0,0.0,0.0,0.0,0.0,0.0,90.4935648669634
760001140,45.0,8.0,5.0,40.0,4.0,4.0,TASA 413,360.0,,OLMOS II,2,T413,9,1650.0,0.0,11430.0,0.0,0.0,0.0,0.0,13080.0,3071.195,5248.031000752918
760001140,45.0,8.0,5.0,40.0,4.0,4.0,TASA 413,360.0,,OLMOS II,2,T413,2,35.0,525.0,13320.0,0.0,0.0,0.0,0.0,13880.0,3220.080000000001,5564.777902626191
760001150,36.0,8.0,8.0,28.0,4.0,4.0,TASA 412,288.0,,SECHIN II,2,T412,7,333.0,0.0,0.0,0.0,0.0,0.0,0.0,333.0,0.0,121.16620669435692
760001150,36.0,8.0,8.0,28.0,4.0,4.0,TASA 412,288.0,,SECHIN II,2,T412,4,0.0,0.0,0.0,0.0,0.0,0.0,0.0,0.0,0.0,6.898294404913758
760001150,36.0,8.0,8.0,28.0,4.0,4.0,TASA 412,288.0,,SECHIN II,2,T412,3,255.0,4350.0,11330.0,0.0,0.0,0.0,0.0,15935.0,2150.175,6761.463109253802
760001150,36.0,8.0,8.0,28.0,4.0,4.0,TASA 412,288.0,,SECHIN II,2,T412,0,1050.0,0.0,1410.0,0.0,0.0,0.0,0.0,2460.0,698.98,656.4863138690798
760001150,36.0,8.0,8.0,28.0,4.0,4.0,TASA 412,288.0,,SECHIN II,2,T412,8,70.0,2475.0,14995.0,0.0,0.0,0.0,0.0,17540.0,3695.325,6881.950155151336
760001150,36.0,8.0,8.0,28.0,4.0,4.0,TASA 412,288.0,,SECHIN II,2,T412,6,20.0,2070.0,17280.0,0.0,0.0,0.0,0.0,19370.0,2255.734,7217.682166819901
760001150,36.0,8.0,8.0,28.0,4.0,4.0,TASA 412,288.0,,SECHIN II,2,T412,5,110.0,980.0,3550.0,0.0,0.0,0.0,0.0,4640.0,789.6,1755.670584052778
760001150,36.0,8.0,8.0,28.0,4.0,4.0,TASA 412,288.0,,SECHIN II,2,T412,1,250.0,0.0,0.0,0.0,0.0,0.0,0.0,250.0,0.0,1.411228647249064
760001150,36.0,8.0,8.0,28.0,4.0,4.0,TASA 412,288.0,,SECHIN II,2,T412,11,275.0,0.0,0.0,0.0,0.0,0.0,0.0,275.0,0.0,93.8736263828266
760001150,36.0,8.0,8.0,28.0,4.0,4.0,TASA 412,288.0,,SECHIN II,2,T412,10,114.0,0.0,0.0,0.0,0.0,0.0,0.0,114.0,0.0,90.4935648669634
760001150,36.0,8.0,8.0,28.0,4.0,4.0,TASA 412,288.0,,SECHIN II,3,T412,9,2068.0,407.0,8799.0,0.0,0.0,0.0,0.0,11274.0,2992.635,4292.618651045469
760001150,36.0,8.0,8.0,28.0,4.0,4.0,TASA 412,288.0,,SECHIN II,3,T412,2,10.0,900.0,11757.0,0.0,0.0,0.0,0.0,12667.0,3622.960000000001,4775.902826206409
760001160,38.0,8.0,4.0,34.0,4.0,4.0,TASA 34,304.0,,SAMOA,3,T034,7,340.0,0.0,0.0,0.0,0.0,0.0,0.0,340.0,0.0,80.53805190353565
760001160,38.0,8.0,4.0,34.0,4.0,4.0,TASA 34,304.0,,SAMOA,3,T034,4,230.0,0.0,0.0,0.0,0.0,0.0,0.0,230.0,0.0,30.84211319509969
760001160,38.0,8.0,4.0,34.0,4.0,4.0,TASA 34,304.0,,SAMOA,3,T034,3,0.0,1220.0,11070.0,0.0,0.0,0.0,0.0,12290.0,2005.265,5083.327962370519
760001160,38.0,8.0,4.0,34.0,4.0,4.0,TASA 34,304.0,,SAMOA,3,T034,0,160.0,0.0,2300.0,0.0,0.0,0.0,0.0,2460.0,512.18,1065.28670288291
760001160,38.0,8.0,4.0,34.0,4.0,4.0,TASA 34,304.0,,SAMOA,3,T034,8,30.0,1240.0,10510.0,0.0,0.0,0.0,0.0,11780.0,2299.135,4842.870601980448
760001160,38.0,8.0,4.0,34.0,4.0,4.0,TASA 34,304.0,,SAMOA,3,T034,6,0.0,620.0,12540.0,0.0,0.0,0.0,0.0,13160.0,1949.265,5973.888402077491
760001160,38.0,8.0,4.0,34.0,4.0,4.0,TASA 34,304.0,,SAMOA,3,T034,5,232.0,0.0,1710.0,0.0,0.0,0.0,0.0,1942.0,273.565,334.5224916271666
760001160,38.0,8.0,4.0,34.0,4.0,4.0,TASA 34,304.0,,SAMOA,3,T034,1,190.0,0.0,0.0,0.0,0.0,0.0,0.0,190.0,0.0,12.41279320764988
760001160,38.0,8.0,4.0,34.0,4.0,4.0,TASA 34,304.0,,SAMOA,3,T034,11,228.0,0.0,0.0,0.0,0.0,0.0,0.0,228.0,0.0,29.8843450369613
760001160,38.0,8.0,4.0,34.0,4.0,4.0,TASA 34,304.0,,SAMOA,3,T034,10,213.0,0.0,0.0,0.0,0.0,0.0,0.0,213.0,0.0,93.76031368133552
760001160,38.0,8.0,4.0,34.0,4.0,4.0,TASA 34,304.0,,SAMOA,3,T034,9,4897.0,0.0,7415.0,0.0,0.0,0.0,0.0,12312.0,2274.76,2969.792086776805
760001160,38.0,8.0,4.0,34.0,4.0,4.0,TASA 34,304.0,,SAMOA,3,T034,2,50.0,560.0,11655.0,0.0,0.0,0.0,0.0,12265.0,2759.38,4991.966964065234
760001180,50.0,12.0,8.0,42.0,6.0,6.0,TASA 43,600.0,,TASA 43,2,T043,7,1730.0,0.0,0.0,0.0,0.0,0.0,0.0,1730.0,0.0,138.5104781758163
760001180,50.0,12.0,8.0,42.0,6.0,6.0,TASA 43,600.0,,TASA 43,2,T043,4,1150.0,0.0,0.0,0.0,0.0,0.0,0.0,1150.0,0.0,19.63912809118117
760001180,50.0,12.0,8.0,42.0,6.0,6.0,TASA 43,600.0,,TASA 43,2,T043,3,0.0,6060.0,18590.0,0.0,0.0,0.0,0.0,24650.0,2259.14,7039.583521036127
760001180,50.0,12.0,8.0,42.0,6.0,6.0,TASA 43,600.0,,TASA 43,2,T043,0,1050.0,730.0,3050.0,0.0,0.0,0.0,0.0,4830.0,991.995,1062.359387887358
760001180,50.0,12.0,8.0,42.0,6.0,6.0,TASA 43,600.0,,TASA 43,2,T043,8,60.0,340.0,28650.0,0.0,0.0,0.0,0.0,29050.0,3713.37,7730.951528705663
760001180,50.0,12.0,8.0,42.0,6.0,6.0,TASA 43,600.0,,TASA 43,2,T043,6,0.0,0.0,28730.0,0.0,0.0,0.0,0.0,28730.0,3306.826,6942.951448896831
760001180,50.0,12.0,8.0,42.0,6.0,6.0,TASA 43,600.0,,TASA 43,2,T043,5,752.0,1050.0,4780.0,0.0,0.0,0.0,0.0,6582.0,700.156,1522.923355277841
760001180,50.0,12.0,8.0,42.0,6.0,6.0,TASA 43,600.0,,TASA 43,2,T043,1,840.0,0.0,0.0,0.0,0.0,0.0,0.0,840.0,0.0,187.2970310905479
760001180,50.0,12.0,8.0,42.0,6.0,6.0,TASA 43,600.0,,TASA 43,2,T043,11,1070.0,0.0,0.0,0.0,0.0,0.0,0.0,1070.0,0.0,376.5474183324989
760001180,50.0,12.0,8.0,42.0,6.0,6.0,TASA 43,600.0,,TASA 43,2,T043,10,715.0,0.0,0.0,0.0,0.0,0.0,0.0,715.0,0.0,237.6678661845073
760001180,50.0,12.0,8.0,42.0,6.0,6.0,TASA 43,600.0,,TASA 43,2,T043,9,2825.0,0.0,15710.0,0.0,0.0,0.0,0.0,18535.0,2170.2,4932.788118919117
760001180,50.0,12.0,8.0,42.0,6.0,6.0,TASA 43,600.0,,TASA 43,2,T043,2,860.0,1010.0,30070.0,0.0,0.0,0.0,0.0,31940.0,4209.405,5790.543532652613
760001190,32.0,6.0,2.0,30.0,3.0,3.0,TASA 17,192.0,,RIMAC 4,1,T017,7,2971.0,0.0,0.0,0.0,0.0,0.0,0.0,2971.0,0.0,2100.646963495119
760001190,32.0,6.0,2.0,30.0,3.0,3.0,TASA 17,192.0,,RIMAC 4,1,T017,4,295.0,0.0,0.0,0.0,0.0,0.0,0.0,295.0,0.0,124.1564572559014
760001190,32.0,6.0,2.0,30.0,3.0,3.0,TASA 17,192.0,,RIMAC 4,1,T017,3,0.0,0.0,6341.0,0.0,0.0,0.0,0.0,6341.0,996.805,4585.339034292751
760001190,32.0,6.0,2.0,30.0,3.0,3.0,TASA 17,192.0,,RIMAC 4,1,T017,0,352.0,0.0,1536.0,0.0,0.0,0.0,0.0,1888.0,717.7800000000001,1277.473534648026
760001190,32.0,6.0,2.0,30.0,3.0,3.0,TASA 17,192.0,,RIMAC 4,1,T017,8,95.0,0.0,5625.0,0.0,0.0,0.0,0.0,5720.0,1811.613,3817.061134753472
760001190,32.0,6.0,2.0,30.0,3.0,3.0,TASA 17,192.0,,RIMAC 4,1,T017,6,0.0,0.0,0.0,0.0,0.0,0.0,0.0,0.0,0.0,2.22636784201195
760001190,32.0,6.0,2.0,30.0,3.0,3.0,TASA 17,192.0,,RIMAC 4,1,T017,5,0.0,0.0,105.0,0.0,0.0,0.0,0.0,105.0,0.0,98.1707044404537
760001190,32.0,6.0,2.0,30.0,3.0,3.0,TASA 17,192.0,,RIMAC 4,1,T017,1,274.0,0.0,0.0,0.0,0.0,0.0,0.0,274.0,0.0,90.4935648669634
760001190,32.0,6.0,2.0,30.0,3.0,3.0,TASA 17,192.0,,RIMAC 4,1,T017,11,111.0,0.0,0.0,0.0,0.0,0.0,0.0,111.0,0.0,90.4935648669634
760001190,32.0,6.0,2.0,30.0,3.0,3.0,TASA 17,192.0,,RIMAC 4,1,T017,10,110.0,0.0,0.0,0.0,0.0,0.0,0.0,110.0,0.0,90.4935648669634
760001190,32.0,6.0,2.0,30.0,3.0,3.0,TASA 17,192.0,,RIMAC 4,1,T017,9,804.0,0.0,4526.0,0.0,0.0,0.0,0.0,5330.0,1360.92,3338.399452669751
760001190,32.0,6.0,2.0,30.0,3.0,3.0,TASA 17,192.0,,RIMAC 4,1,T017,2,856.0,855.0,4849.0,0.0,0.0,0.0,0.0,6560.0,1368.38,4200.597216267814
760001210,24.0,8.0,6.0,18.0,4.0,4.0,TASA 36,192.0,,FLAMINGO,3,T036,7,300.0,0.0,0.0,0.0,0.0,0.0,0.0,300.0,0.0,10.08795117218363
760001210,24.0,8.0,6.0,18.0,4.0,4.0,TASA 36,192.0,,FLAMINGO,3,T036,4,650.0,0.0,0.0,0.0,0.0,0.0,0.0,650.0,0.0,247.5175788104989
760001210,24.0,8.0,6.0,18.0,4.0,4.0,TASA 36,192.0,,FLAMINGO,3,T036,3,0.0,3945.0,6995.0,0.0,0.0,0.0,0.0,10940.0,1277.005,6186.525177144613
760001210,24.0,8.0,6.0,18.0,4.0,4.0,TASA 36,192.0,,FLAMINGO,3,T036,0,180.0,0.0,1130.0,0.0,0.0,0.0,0.0,1310.0,306.825,555.1939679645687
760001210,24.0,8.0,6.0,18.0,4.0,4.0,TASA 36,192.0,,FLAMINGO,3,T036,8,0.0,692.0,9418.0,0.0,0.0,0.0,0.0,10110.0,3335.271,4903.085964431726
760001210,24.0,8.0,6.0,18.0,4.0,4.0,TASA 36,192.0,,FLAMINGO,3,T036,6,1320.0,0.0,7370.0,0.0,0.0,0.0,0.0,8690.0,1724.315,4616.445709184205
760001210,24.0,8.0,6.0,18.0,4.0,4.0,TASA 36,192.0,,FLAMINGO,3,T036,5,315.0,0.0,0.0,0.0,0.0,0.0,0.0,315.0,0.0,69.22645448719697
760001210,24.0,8.0,6.0,18.0,4.0,4.0,TASA 36,192.0,,FLAMINGO,3,T036,1,295.0,0.0,0.0,0.0,0.0,0.0,0.0,295.0,0.0,24.58646915041893
760001210,24.0,8.0,6.0,18.0,4.0,4.0,TASA 36,192.0,,FLAMINGO,3,T036,11,763.0,0.0,0.0,0.0,0.0,0.0,0.0,763.0,0.0,211.3267594053683
760001210,24.0,8.0,6.0,18.0,4.0,4.0,TASA 36,192.0,,FLAMINGO,3,T036,10,306.0,0.0,0.0,0.0,0.0,0.0,0.0,306.0,0.0,36.22918649895574
760001210,24.0,8.0,6.0,18.0,4.0,4.0,TASA 36,192.0,,FLAMINGO,1,T036,9,932.0,0.0,7329.0,0.0,0.0,0.0,0.0,8261.0,2324.1,3861.717141362986
760001210,24.0,8.0,6.0,18.0,4.0,4.0,TASA 36,192.0,,FLAMINGO,1,T036,2,1045.0,420.0,9040.0,0.0,0.0,0.0,0.0,10505.0,2268.37,4503.648154013462
760001228,40.0,6.0,6.0,34.0,3.0,3.0,TASA 415,240.0,,INDEPENDENCIA I,2,T415,7,220.0,0.0,0.0,0.0,0.0,0.0,0.0,220.0,0.0,90.4935648669634
760001228,40.0,6.0,6.0,34.0,3.0,3.0,TASA 415,240.0,,INDEPENDENCIA I,2,T415,4,130.0,0.0,0.0,0.0,0.0,0.0,0.0,130.0,0.0,90.4935648669634
760001228,40.0,6.0,6.0,34.0,3.0,3.0,TASA 415,240.0,,INDEPENDENCIA I,2,T415,3,0.0,3165.0,13495.0,0.0,0.0,0.0,0.0,16660.0,2193.2,4835.065925793272
760001228,40.0,6.0,6.0,34.0,3.0,3.0,TASA 415,240.0,,INDEPENDENCIA I,2,T415,0,368.0,652.0,2255.0,0.0,0.0,0.0,0.0,3275.0,1107.75,1452.068889272208
760001228,40.0,6.0,6.0,34.0,3.0,3.0,TASA 415,240.0,,INDEPENDENCIA I,2,T415,8,40.0,1690.0,16720.0,0.0,0.0,0.0,0.0,18450.0,2991.09,4934.232330300447
760001228,40.0,6.0,6.0,34.0,3.0,3.0,TASA 415,240.0,,INDEPENDENCIA I,2,T415,6,0.0,2510.0,17090.0,0.0,0.0,0.0,0.0,19600.0,1996.547,6231.000440905242
760001228,40.0,6.0,6.0,34.0,3.0,3.0,TASA 415,240.0,,INDEPENDENCIA I,2,T415,5,551.0,605.0,2875.0,0.0,0.0,0.0,0.0,4031.0,586.451,1444.7537833206586
760001228,40.0,6.0,6.0,34.0,3.0,3.0,TASA 415,240.0,,INDEPENDENCIA I,2,T415,1,414.0,0.0,0.0,0.0,0.0,0.0,0.0,414.0,0.0,106.20075677534852
760001228,40.0,6.0,6.0,34.0,3.0,3.0,TASA 415,240.0,,INDEPENDENCIA I,2,T415,11,315.0,0.0,0.0,0.0,0.0,0.0,0.0,315.0,0.0,94.87441889589778
760001228,40.0,6.0,6.0,34.0,3.0,3.0,TASA 415,240.0,,INDEPENDENCIA I,2,T415,10,201.0,0.0,0.0,0.0,0.0,0.0,0.0,201.0,0.0,90.4935648669634
760001228,40.0,6.0,6.0,34.0,3.0,3.0,TASA 415,240.0,,INDEPENDENCIA I,3,T415,9,944.0,0.0,7630.0,0.0,0.0,0.0,0.0,8574.0,2232.135,4035.068504234425
760001228,40.0,6.0,6.0,34.0,3.0,3.0,TASA 415,240.0,,INDEPENDENCIA I,3,T415,2,370.0,0.0,14820.0,0.0,0.0,0.0,0.0,15190.0,3034.694999999999,5415.496965318325
760001320,123.0,12.0,78.0,45.0,6.0,6.0,TASA 310,1476.0,,ZAÃA,1,T310,7,210.0,0.0,0.0,3710.0,3090.0,0.0,0.0,7010.0,617.095,3538.883506858682
760001320,123.0,12.0,78.0,45.0,6.0,6.0,TASA 310,1476.0,,ZAÃA,1,T310,4,348.0,0.0,0.0,2000.0,1250.0,0.0,0.0,3598.0,1072.33,1908.848605222021
760001320,123.0,12.0,78.0,45.0,6.0,6.0,TASA 310,1476.0,,ZAÃA,1,T310,3,0.0,2502.0,7630.0,0.0,0.0,0.0,0.0,10132.0,1159.185,3999.332660545225
760001320,123.0,12.0,78.0,45.0,6.0,6.0,TASA 310,1476.0,,ZAÃA,1,T310,0,4469.0,0.0,1691.0,0.0,0.0,0.0,0.0,6160.0,650.775,771.5918048472287
760001320,123.0,12.0,78.0,45.0,6.0,6.0,TASA 310,1476.0,,ZAÃA,1,T310,8,405.0,920.0,8975.0,0.0,0.0,0.0,0.0,10300.0,2929.71,4890.840175182454
760001320,123.0,12.0,78.0,45.0,6.0,6.0,TASA 310,1476.0,,ZAÃA,1,T310,6,87.0,0.0,8820.0,0.0,0.0,0.0,0.0,8907.0,1996.377,5194.525605560093
760001320,123.0,12.0,78.0,45.0,6.0,6.0,TASA 310,1476.0,,ZAÃA,1,T310,5,0.0,0.0,525.0,0.0,0.0,0.0,0.0,525.0,260.67,727.6650266089803
760001320,123.0,12.0,78.0,45.0,6.0,6.0,TASA 310,1476.0,,ZAÃA,1,T310,1,0.0,0.0,0.0,0.0,0.0,0.0,0.0,0.0,0.0,8.43468138850669
760001320,123.0,12.0,78.0,45.0,6.0,6.0,TASA 310,1476.0,,ZAÃA,1,T310,11,0.0,0.0,0.0,0.0,0.0,0.0,0.0,0.0,0.0,16.0248265001602
760001320,123.0,12.0,78.0,45.0,6.0,6.0,TASA 310,1476.0,,ZAÃA,1,T310,10,-795.0,0.0,0.0,0.0,0.0,0.0,0.0,-795.0,0.0,90.4935648669634
760001320,123.0,12.0,78.0,45.0,6.0,6.0,TASA 310,1476.0,,ZAÃA,2,T310,9,255.0,0.0,5790.0,0.0,0.0,0.0,0.0,6045.0,2314.35,2922.9088940819
760001320,123.0,12.0,78.0,45.0,6.0,6.0,TASA 310,1476.0,,ZAÃA,2,T310,2,240.0,2250.0,7180.0,0.0,0.0,0.0,0.0,9670.0,2442.19,4482.503251463216
760001330,34.0,6.0,4.0,30.0,3.0,3.0,TASA 111,204.0,,CAPLINA 8,1,T111,7,394.0,0.0,0.0,0.0,0.0,0.0,0.0,394.0,0.0,304.6741914495306
760001330,34.0,6.0,4.0,30.0,3.0,3.0,TASA 111,204.0,,CAPLINA 8,1,T111,4,1206.0,0.0,0.0,0.0,0.0,0.0,0.0,1206.0,0.0,2787.767979562887
760001330,34.0,6.0,4.0,30.0,3.0,3.0,TASA 111,204.0,,CAPLINA 8,1,T111,3,0.0,257.0,3008.0,0.0,0.0,0.0,0.0,3265.0,650.0100000000001,2492.013748114356
760001330,34.0,6.0,4.0,30.0,3.0,3.0,TASA 111,204.0,,CAPLINA 8,1,T111,0,110.0,0.0,0.0,0.0,0.0,0.0,0.0,110.0,0.0,32.13816583935209
760001330,34.0,6.0,4.0,30.0,3.0,3.0,TASA 111,204.0,,CAPLINA 8,1,T111,8,34.0,435.0,1165.0,0.0,0.0,0.0,0.0,1634.0,322.023,1002.991635797935
760001330,34.0,6.0,4.0,30.0,3.0,3.0,TASA 111,204.0,,CAPLINA 8,1,T111,6,1708.0,0.0,7398.0,0.0,0.0,0.0,0.0,9106.0,1270.738,4813.006665129366
760001330,34.0,6.0,4.0,30.0,3.0,3.0,TASA 111,204.0,,CAPLINA 8,1,T111,5,90.0,0.0,0.0,0.0,0.0,0.0,0.0,90.0,0.0,29.11542443735473
760001330,34.0,6.0,4.0,30.0,3.0,3.0,TASA 111,204.0,,CAPLINA 8,1,T111,1,285.0,0.0,0.0,0.0,0.0,0.0,0.0,285.0,0.0,129.9711278107735
760001330,34.0,6.0,4.0,30.0,3.0,3.0,TASA 111,204.0,,CAPLINA 8,1,T111,11,3096.0,0.0,0.0,0.0,0.0,0.0,0.0,3096.0,0.0,95.87063849782986
760001330,34.0,6.0,4.0,30.0,3.0,3.0,TASA 111,204.0,,CAPLINA 8,1,T111,10,50.0,0.0,0.0,0.0,0.0,0.0,0.0,50.0,0.0,22.98392391328098
760001330,34.0,6.0,4.0,30.0,3.0,3.0,TASA 111,204.0,,CAPLINA 8,2,T111,9,-747.0,257.0,4069.0,0.0,0.0,0.0,0.0,3579.0,1181.875,3477.762551674242
760001330,34.0,6.0,4.0,30.0,3.0,3.0,TASA 111,204.0,,CAPLINA 8,2,T111,2,-200.0,316.0,4856.0,0.0,0.0,0.0,0.0,4972.0,1398.04,3890.794287391373
760001330,34.0,6.0,4.0,30.0,3.0,3.0,TASA 37,204.0,,COSTA AZUL,3,T037,7,1091.0,0.0,0.0,0.0,0.0,0.0,0.0,1091.0,0.0,197.3907666133752
760001330,34.0,6.0,4.0,30.0,3.0,3.0,TASA 37,204.0,,COSTA AZUL,3,T037,4,0.0,0.0,0.0,0.0,0.0,0.0,0.0,0.0,0.0,90.4935648669634
760001330,34.0,6.0,4.0,30.0,3.0,3.0,TASA 37,204.0,,COSTA AZUL,3,T037,3,315.0,2270.0,5200.0,0.0,0.0,0.0,0.0,7785.0,1692.335,2054.414142824005
760001330,34.0,6.0,4.0,30.0,3.0,3.0,TASA 37,204.0,,COSTA AZUL,3,T037,0,210.0,0.0,2340.0,0.0,0.0,0.0,0.0,2550.0,792.935,1383.549363921193
760001330,34.0,6.0,4.0,30.0,3.0,3.0,TASA 37,204.0,,COSTA AZUL,3,T037,8,120.0,710.0,9850.0,0.0,0.0,0.0,0.0,10680.0,3532.525,5279.415389545839
760001330,34.0,6.0,4.0,30.0,3.0,3.0,TASA 37,204.0,,COSTA AZUL,3,T037,6,541.0,0.0,10710.0,0.0,0.0,0.0,0.0,11251.0,2212.659999999999,5945.527067218681
760001330,34.0,6.0,4.0,30.0,3.0,3.0,TASA 37,204.0,,COSTA AZUL,3,T037,5,289.0,0.0,0.0,0.0,0.0,0.0,0.0,289.0,0.0,30.75297417721191
760001330,34.0,6.0,4.0,30.0,3.0,3.0,TASA 37,204.0,,COSTA AZUL,3,T037,1,405.0,0.0,0.0,0.0,0.0,0.0,0.0,405.0,0.0,10.236620037825
760001330,34.0,6.0,4.0,30.0,3.0,3.0,TASA 37,204.0,,COSTA AZUL,3,T037,11,150.0,0.0,0.0,0.0,0.0,0.0,0.0,150.0,0.0,6.144146480626654
760001330,34.0,6.0,4.0,30.0,3.0,3.0,TASA 37,204.0,,COSTA AZUL,3,T037,10,110.0,0.0,0.0,0.0,0.0,0.0,0.0,110.0,0.0,173.5292659810475
760001330,34.0,6.0,4.0,30.0,3.0,3.0,TASA 37,204.0,,COSTA AZUL,2,T037,9,671.0,661.0,7167.0,0.0,0.0,0.0,0.0,8499.0,2284.43,3868.334563943752
760001330,34.0,6.0,4.0,30.0,3.0,3.0,TASA 37,204.0,,COSTA AZUL,2,T037,2,180.0,731.0,7424.0,0.0,0.0,0.0,0.0,8335.0,2387.54,4143.726954508684
760001350,24.0,8.0,4.0,20.0,4.0,4.0,TASA 418,192.0,456.0,INDEPENDENCIA II,2,T418,7,30.0,0.0,0.0,7360.0,4740.0,0.0,0.0,12130.0,1793.27,4908.015607382533
760001350,24.0,8.0,4.0,20.0,4.0,4.0,TASA 418,192.0,456.0,INDEPENDENCIA II,2,T418,4,330.0,0.0,0.0,2850.0,1600.0,0.0,0.0,4780.0,1148.5,2232.073786545419
760001350,24.0,8.0,4.0,20.0,4.0,4.0,TASA 418,192.0,456.0,INDEPENDENCIA II,2,T418,3,0.0,2140.0,13310.0,0.0,0.0,0.0,0.0,15450.0,2119.06,6861.072686022233
760001350,24.0,8.0,4.0,20.0,4.0,4.0,TASA 418,192.0,456.0,INDEPENDENCIA II,2,T418,0,220.0,0.0,1830.0,0.0,0.0,0.0,0.0,2050.0,940.46,587.5719163113409
760001350,24.0,8.0,4.0,20.0,4.0,4.0,TASA 418,192.0,456.0,INDEPENDENCIA II,2,T418,8,30.0,3160.0,13230.0,0.0,0.0,0.0,0.0,16420.0,3021.153,6462.661223387843
760001350,24.0,8.0,4.0,20.0,4.0,4.0,TASA 418,192.0,456.0,INDEPENDENCIA II,2,T418,6,40.0,0.0,16890.0,0.0,0.0,0.0,0.0,16930.0,2134.235,6643.838385989009
760001350,24.0,8.0,4.0,20.0,4.0,4.0,TASA 418,192.0,456.0,INDEPENDENCIA II,2,T418,5,10.0,0.0,3170.0,0.0,0.0,0.0,0.0,3180.0,1037.98,1206.406218650761
760001350,24.0,8.0,4.0,20.0,4.0,4.0,TASA 418,192.0,456.0,INDEPENDENCIA II,2,T418,1,0.0,0.0,0.0,0.0,0.0,0.0,0.0,0.0,0.0,90.4935648669634
760001350,24.0,8.0,4.0,20.0,4.0,4.0,TASA 418,192.0,456.0,INDEPENDENCIA II,2,T418,11,220.0,0.0,0.0,0.0,0.0,0.0,0.0,220.0,0.0,90.4935648669634
760001350,24.0,8.0,4.0,20.0,4.0,4.0,TASA 418,192.0,456.0,INDEPENDENCIA II,2,T418,10,103.0,0.0,0.0,0.0,0.0,0.0,0.0,103.0,0.0,90.4935648669634
760001350,24.0,8.0,4.0,20.0,4.0,4.0,TASA 418,192.0,456.0,INDEPENDENCIA II,1,T418,9,2137.0,600.0,9375.0,0.0,0.0,0.0,0.0,12112.0,2847.13,4628.649701047011
760001350,24.0,8.0,4.0,20.0,4.0,4.0,TASA 418,192.0,456.0,INDEPENDENCIA II,1,T418,2,25.0,625.0,12915.0,0.0,0.0,0.0,0.0,13565.0,3176.880000000001,5061.855787470399
760001360,33.0,8.0,4.0,29.0,4.0,4.0,TASA 210,264.0,,PIZARRO 10,3,T210,7,243.0,0.0,0.0,0.0,0.0,0.0,0.0,243.0,0.0,90.4935648669634
760001360,33.0,8.0,4.0,29.0,4.0,4.0,TASA 210,264.0,,PIZARRO 10,3,T210,4,0.0,0.0,0.0,0.0,0.0,0.0,0.0,0.0,0.0,90.4935648669634
760001360,33.0,8.0,4.0,29.0,4.0,4.0,TASA 210,264.0,,PIZARRO 10,3,T210,3,316.2,521.0,5250.0,0.0,0.0,0.0,0.0,6087.2,1650.805,3459.5044390251337
760001360,33.0,8.0,4.0,29.0,4.0,4.0,TASA 210,264.0,,PIZARRO 10,3,T210,0,1169.0,0.0,0.0,0.0,0.0,0.0,0.0,1169.0,0.0,131.22136449721296
760001360,33.0,8.0,4.0,29.0,4.0,4.0,TASA 210,264.0,,PIZARRO 10,3,T210,8,120.0,930.0,2850.0,0.0,0.0,0.0,0.0,3900.0,400.306,1555.153814259946
760001360,33.0,8.0,4.0,29.0,4.0,4.0,TASA 210,264.0,,PIZARRO 10,3,T210,6,1530.0,0.0,8740.0,0.0,0.0,0.0,0.0,10270.0,1308.62,5932.238637872168
760001360,33.0,8.0,4.0,29.0,4.0,4.0,TASA 210,264.0,,PIZARRO 10,3,T210,5,90.0,0.0,0.0,0.0,0.0,0.0,0.0,90.0,0.0,90.4935648669634
760001360,33.0,8.0,4.0,29.0,4.0,4.0,TASA 210,264.0,,PIZARRO 10,3,T210,1,105.0,0.0,0.0,0.0,0.0,0.0,0.0,105.0,0.0,90.4935648669634
760001360,33.0,8.0,4.0,29.0,4.0,4.0,TASA 210,264.0,,PIZARRO 10,3,T210,11,75.0,0.0,0.0,0.0,0.0,0.0,0.0,75.0,0.0,90.4935648669634
760001360,33.0,8.0,4.0,29.0,4.0,4.0,TASA 210,264.0,,PIZARRO 10,3,T210,10,53.0,0.0,0.0,0.0,0.0,0.0,0.0,53.0,0.0,90.4935648669634
760001360,33.0,8.0,4.0,29.0,4.0,4.0,TASA 210,264.0,,PIZARRO 10,1,T210,9,1066.0,310.0,6280.0,0.0,0.0,0.0,0.0,7656.0,1784.31,3472.4835547838584
760001360,33.0,8.0,4.0,29.0,4.0,4.0,TASA 210,264.0,,PIZARRO 10,1,T210,2,30.0,330.0,6900.0,0.0,0.0,0.0,0.0,7260.0,2001.745,3982.3366348626064
760001170,31.0,7.7,,,,,TASA 23,239.0,,LOBO II,3,T023,7,4535.0,0.0,0.0,0.0,0.0,0.0,0.0,4535.0,0.0,2723.956425103729
760001170,31.0,7.7,,,,,TASA 23,239.0,,LOBO II,3,T023,4,410.0,0.0,0.0,0.0,0.0,0.0,0.0,410.0,0.0,66.4422177290897
760001170,31.0,7.7,,,,,TASA 23,239.0,,LOBO II,3,T023,3,80.0,710.0,1210.0,0.0,0.0,0.0,0.0,2000.0,228.195,883.1320272028107
760001170,31.0,7.7,,,,,TASA 23,239.0,,LOBO II,3,T023,0,830.0,0.0,1240.0,0.0,0.0,0.0,0.0,2070.0,574.6,1168.685834132186
760001170,31.0,7.7,,,,,TASA 23,239.0,,LOBO II,3,T023,8,70.0,3178.0,6622.0,0.0,0.0,0.0,0.0,9870.0,2108.895,5387.596446870654
760001170,31.0,7.7,,,,,TASA 23,239.0,,LOBO II,3,T023,6,45.0,0.0,11415.0,0.0,0.0,0.0,0.0,11460.0,2309.716,5804.029297798642
760001170,31.0,7.7,,,,,TASA 23,239.0,,LOBO II,3,T023,5,210.0,600.0,1450.0,0.0,0.0,0.0,0.0,2260.0,369.695,976.9087127467698
760001170,31.0,7.7,,,,,TASA 23,239.0,,LOBO II,3,T023,1,200.0,0.0,0.0,0.0,0.0,0.0,0.0,200.0,0.0,35.82503974209796
760001170,31.0,7.7,,,,,TASA 23,239.0,,LOBO II,3,T023,11,210.0,0.0,0.0,0.0,0.0,0.0,0.0,210.0,0.0,40.58142624061627
760001170,31.0,7.7,,,,,TASA 23,239.0,,LOBO II,3,T023,10,207.0,0.0,0.0,0.0,0.0,0.0,0.0,207.0,0.0,9.324318325494264
760001170,31.0,7.7,,,,,TASA 23,239.0,,LOBO II,1,T023,9,943.0,0.0,6875.0,0.0,0.0,0.0,0.0,7818.0,2689.145,3281.120610880991
760001170,31.0,7.7,,,,,TASA 23,239.0,,LOBO II,1,T023,2,60.0,1020.0,8815.0,0.0,0.0,0.0,0.0,9895.0,1882.565,4943.600519609477
760000790,42.5,8.2,,,,,TASA 32,349.0,,PEGASO,3,T032,7,210.0,0.0,0.0,0.0,347.0,0.0,0.0,557.0,0.0,791.7435301908154
760000790,42.5,8.2,,,,,TASA 32,349.0,,PEGASO,3,T032,4,1656.0,0.0,0.0,2323.0,1510.0,0.0,0.0,5489.0,1259.25,3234.607158200128
760000790,42.5,8.2,,,,,TASA 32,349.0,,PEGASO,3,T032,3,0.0,1662.0,10527.0,0.0,0.0,0.0,0.0,12189.0,2029.45,5850.126337540083
760000790,42.5,8.2,,,,,TASA 32,349.0,,PEGASO,3,T032,0,215.0,0.0,3365.0,0.0,0.0,0.0,0.0,3580.0,988.3,4.048247110351771
760000790,42.5,8.2,,,,,TASA 32,349.0,,PEGASO,3,T032,8,45.0,715.0,11170.0,0.0,0.0,0.0,0.0,11930.0,2925.165,5118.4723027392365
760000790,42.5,8.2,,,,,TASA 32,349.0,,PEGASO,3,T032,6,780.0,0.0,10730.0,0.0,0.0,0.0,0.0,11510.0,2256.929,5930.921450210944
760000790,42.5,8.2,,,,,TASA 32,349.0,,PEGASO,3,T032,5,640.0,0.0,0.0,0.0,0.0,0.0,0.0,640.0,0.0,135.86793526230446
760000790,42.5,8.2,,,,,TASA 32,349.0,,PEGASO,3,T032,1,20.0,0.0,0.0,0.0,0.0,0.0,0.0,20.0,0.0,90.4935648669634
760000790,42.5,8.2,,,,,TASA 32,349.0,,PEGASO,3,T032,11,76.0,0.0,0.0,0.0,0.0,0.0,0.0,76.0,0.0,90.4935648669634
760000790,42.5,8.2,,,,,TASA 32,349.0,,PEGASO,3,T032,10,64.0,0.0,0.0,0.0,0.0,0.0,0.0,64.0,0.0,90.4935648669634
760000790,42.5,8.2,,,,,TASA 32,349.0,,PEGASO,2,T032,9,540.0,0.0,6518.0,0.0,0.0,0.0,0.0,7058.0,2524.185,3675.29122241201
760000790,42.5,8.2,,,,,TASA 32,349.0,,PEGASO,2,T032,2,89.0,347.0,7631.0,0.0,0.0,0.0,0.0,8067.0,1571.98,3998.144502186236
760000150,42.5,8.6,,,,,TASA 424,366.0,,BRAVO 4,3,T424,7,245.0,0.0,0.0,0.0,0.0,0.0,0.0,245.0,0.0,90.4935648669634
760000150,42.5,8.6,,,,,TASA 424,366.0,,BRAVO 4,3,T424,4,0.0,0.0,0.0,0.0,0.0,0.0,0.0,0.0,0.0,90.4935648669634
760000150,42.5,8.6,,,,,TASA 424,366.0,,BRAVO 4,3,T424,3,328.0,3015.0,9235.0,0.0,0.0,0.0,0.0,12578.0,1511.195,6253.078700055769
760000150,42.5,8.6,,,,,TASA 424,366.0,,BRAVO 4,3,T424,0,670.0,0.0,1230.0,0.0,0.0,0.0,0.0,1900.0,404.045,692.2240024902168
760000150,42.5,8.6,,,,,TASA 424,366.0,,BRAVO 4,3,T424,8,35.0,1115.0,10430.0,0.0,0.0,0.0,0.0,11580.0,2918.394,5472.290267700138
760000150,42.5,8.6,,,,,TASA 424,366.0,,BRAVO 4,3,T424,6,0.0,0.0,12500.0,0.0,0.0,0.0,0.0,12500.0,1997.458,6033.741257766917
760000150,42.5,8.6,,,,,TASA 424,366.0,,BRAVO 4,3,T424,5,380.0,0.0,150.0,0.0,0.0,0.0,0.0,530.0,31.145,162.6846509397802
760000150,42.5,8.6,,,,,TASA 424,366.0,,BRAVO 4,3,T424,1,170.0,0.0,0.0,0.0,0.0,0.0,0.0,170.0,0.0,38.88334928152577
760000150,42.5,8.6,,,,,TASA 424,366.0,,BRAVO 4,3,T424,11,260.0,0.0,0.0,0.0,0.0,0.0,0.0,260.0,0.0,13.1944494069561
760000150,42.5,8.6,,,,,TASA 424,366.0,,BRAVO 4,3,T424,10,104.0,0.0,0.0,0.0,0.0,0.0,0.0,104.0,0.0,31.22471340057847
760000150,42.5,8.6,,,,,TASA 424,366.0,,BRAVO 4,1,T424,9,916.0,460.0,6540.0,0.0,0.0,0.0,0.0,7916.0,2118.05,3606.228216571539
760000150,42.5,8.6,,,,,TASA 424,366.0,,BRAVO 4,1,T424,2,300.0,840.0,11760.0,0.0,0.0,0.0,0.0,12900.0,3676.264999999999,5669.212628085904
760000610,,,,,,,TASA 45,400.0,,TASA 45,2,T045,7,3500.0,0.0,0.0,5700.0,0.0,0.0,0.0,9200.0,228.77,2077.0417616814216
760000610,,,,,,,TASA 45,400.0,,TASA 45,2,T045,4,680.0,0.0,0.0,0.0,0.0,0.0,0.0,680.0,0.0,135.86793526230446
760000610,,,,,,,TASA 45,400.0,,TASA 45,2,T045,3,190.0,2390.0,23820.0,0.0,0.0,0.0,0.0,26400.0,2398.565,4572.745684633958
760000610,,,,,,,TASA 45,400.0,,TASA 45,2,T045,0,850.0,0.0,5310.0,0.0,0.0,0.0,0.0,6160.0,1261.32,3137.8693464600624
760000610,,,,,,,TASA 45,400.0,,TASA 45,2,T045,8,0.0,0.0,27980.0,0.0,0.0,0.0,0.0,27980.0,3705.26,7216.52117580764
760000610,,,,,,,TASA 45,400.0,,TASA 45,2,T045,6,1530.0,0.0,31740.0,0.0,0.0,0.0,0.0,33270.0,3804.757999999999,6994.083814437554
760000610,,,,,,,TASA 45,400.0,,TASA 45,2,T045,5,3031.0,1860.0,8550.0,0.0,0.0,0.0,0.0,13441.0,974.025,2630.144821908836
760000610,,,,,,,TASA 45,400.0,,TASA 45,2,T045,1,110.0,0.0,0.0,0.0,0.0,0.0,0.0,110.0,0.0,90.4935648669634
760000610,,,,,,,TASA 45,400.0,,TASA 45,2,T045,11,520.0,0.0,0.0,0.0,0.0,0.0,0.0,520.0,0.0,135.86793526230446
760000610,,,,,,,TASA 45,400.0,,TASA 45,2,T045,10,404.0,0.0,0.0,0.0,0.0,0.0,0.0,404.0,0.0,114.78726223783347
760000610,,,,,,,TASA 45,400.0,,TASA 45,2,T045,9,3596.0,450.0,4860.0,0.0,0.0,0.0,0.0,8906.0,761.26,1581.9323693020206
760000610,,,,,,,TASA 45,400.0,,TASA 45,2,T045,2,0.0,0.0,0.0,0.0,0.0,0.0,0.0,0.0,0.0,90.4935648669634
