Embarcacion,NOMBRE,FLOTA,C LOG,Mes,C Costo EP,Sin Pesca Norte,CHIN,CHIS,Sin Pesca Sur,CHD,Sin Pesca CHD,TOTAL Galones,TOTAL TM/descarga,KM Recorrido
TASA 111,CAPLINA 8,1,T111,MARZO,394.0,0.0,0.0,0.0,0.0,0.0,0.0,394.0,0.0,304.6741914495306
TASA 17,RIMAC 4,1,T017,MARZO,2971.0,0.0,0.0,0.0,0.0,0.0,0.0,2971.0,0.0,2100.646963495119
TASA 21,LOBO I,3,T021,MARZO,249.0,0.0,0.0,0.0,0.0,0.0,0.0,249.0,0.0,90.4935648669634
TASA 210,PIZARRO 10,3,T210,MARZO,243.0,0.0,0.0,0.0,0.0,0.0,0.0,243.0,0.0,90.4935648669634
TASA 218,BRAVO 10,1,T218,MARZO,0.0,0.0,0.0,6190.0,2890.0,0.0,0.0,9080.0,1169.925,4375.876446125065
TASA 22,MAYTE,3,T022,MARZO,0.0,0.0,0.0,6025.0,2057.0,0.0,0.0,8082.0,1527.985,4717.345009548018
TASA 220,MACABI 3,1,T220,MARZO,394.0,0.0,0.0,0.0,0.0,0.0,0.0,394.0,0.0,54.66990042894258
TASA 23,LOBO II,3,T023,MARZO,4535.0,0.0,0.0,0.0,0.0,0.0,0.0,4535.0,0.0,2723.956425103729
TASA 31,JAYANCA,1,T031,MARZO,0.0,0.0,0.0,4295.0,2245.0,0.0,0.0,6540.0,1509.925,4127.965086467477
TASA 310,ZAÑA,1,T310,MARZO,210.0,0.0,0.0,3710.0,3090.0,0.0,0.0,7010.0,617.095,3538.883506858682
TASA 314,CONTUMAZA 4,1,T314,MARZO,455.0,0.0,0.0,0.0,0.0,0.0,0.0,455.0,0.0,106.20075677534851
TASA 315,BRAVO 7,1,T315,MARZO,100.0,0.0,0.0,0.0,0.0,0.0,0.0,100.0,0.0,90.4935648669634
TASA 32,PEGASO,3,T032,MARZO,210.0,0.0,0.0,0.0,347.0,0.0,0.0,557.0,0.0,791.7435301908154
TASA 34,SAMOA,3,T034,MARZO,340.0,0.0,0.0,0.0,0.0,0.0,0.0,340.0,0.0,80.53805190353565
TASA 35,PUNTA SAL,3,T035,MARZO,110.0,0.0,0.0,0.0,0.0,0.0,0.0,110.0,0.0,90.4935648669634
TASA 36,FLAMINGO,3,T036,MARZO,300.0,0.0,0.0,0.0,0.0,0.0,0.0,300.0,0.0,10.08795117218363
TASA 37,COSTA AZUL,3,T037,MARZO,1091.0,0.0,0.0,0.0,0.0,0.0,0.0,1091.0,0.0,197.3907666133752
TASA 38,TARATA 3,3,T038,MARZO,0.0,0.0,0.0,5645.0,2135.0,0.0,0.0,7780.0,1790.37,3950.954132752298
TASA 41,DON ANGEL,4,T041,MARZO,900.0,0.0,0.0,0.0,0.0,0.0,310.0,1210.0,0.0,54.93620391562899
TASA 411,SIPAN,2,T411,MARZO,438.0,0.0,0.0,0.0,0.0,0.0,0.0,438.0,0.0,11.19049083298079
TASA 412,SECHIN II,2,T412,MARZO,333.0,0.0,0.0,0.0,0.0,0.0,0.0,333.0,0.0,121.16620669435693
TASA 413,OLMOS II,2,T413,MARZO,300.0,0.0,0.0,0.0,0.0,0.0,0.0,300.0,0.0,93.87362638282659
TASA 414,ESTRELLA,2,T414,MARZO,370.0,0.0,0.0,0.0,1320.0,0.0,0.0,1690.0,0.0,853.3300224472919
TASA 415,INDEPENDENCIA I,2,T415,MARZO,220.0,0.0,0.0,0.0,0.0,0.0,0.0,220.0,0.0,90.4935648669634
TASA 416,SALKANTAY,2,T416,MARZO,370.0,0.0,0.0,7410.0,3850.0,0.0,0.0,11630.0,1485.115,4915.700441840504
TASA 417,INANSA,2,T417,MARZO,770.0,0.0,0.0,0.0,1660.0,0.0,0.0,2430.0,0.0,1047.164950752952
TASA 418,INDEPENDENCIA II,2,T418,MARZO,30.0,0.0,0.0,7360.0,4740.0,0.0,0.0,12130.0,1793.27,4908.015607382533
TASA 419,DOÑA BEILA,4,T419,MARZO,850.0,0.0,0.0,0.0,0.0,0.0,0.0,850.0,0.0,64.67523186034128
TASA 42,CARMEN LUISA,4,T042,MARZO,580.0,0.0,0.0,0.0,0.0,3400.0,3220.0,7200.0,320.889,889.3837868156212
TASA 420,GUILLERMO,2,T420,MARZO,430.0,0.0,0.0,0.0,0.0,0.0,0.0,430.0,0.0,106.20075677534851
TASA 424,BRAVO 4,3,T424,MARZO,245.0,0.0,0.0,0.0,0.0,0.0,0.0,245.0,0.0,90.4935648669634
TASA 425,BRAVO 9,2,T425,MARZO,1440.0,0.0,0.0,0.0,0.0,0.0,0.0,1440.0,0.0,345.5257886710817
TASA 426,DON ENRIQUE,3,T426,MARZO,400.0,0.0,0.0,0.0,0.0,0.0,0.0,400.0,0.0,114.78726223783349
TASA 427,ESTHER 7,4,T427,MARZO,1350.0,0.0,0.0,0.0,0.0,0.0,0.0,1350.0,0.0,345.5257886710817
TASA 43,TASA 43,2,T043,MARZO,1730.0,0.0,0.0,0.0,0.0,0.0,0.0,1730.0,0.0,138.5104781758163
TASA 44,TASA 44,2,T044,MARZO,1400.0,0.0,0.0,0.0,0.0,0.0,0.0,1400.0,0.0,90.16358561587178
TASA 45,TASA 45,2,T045,MARZO,3500.0,0.0,0.0,5700.0,0.0,0.0,0.0,9200.0,228.77,2077.0417616814216
TASA 51,SIPESA 63,4,T051,MARZO,950.0,0.0,0.0,0.0,0.0,0.0,0.0,950.0,0.0,15.59537822047691
TASA 52,SIPESA 62,4,T052,MARZO,1465.0,0.0,0.0,0.0,0.0,0.0,0.0,1465.0,0.0,345.5257886710817
TASA 53,MARU 2,4,T053,MARZO,1750.0,0.0,0.0,0.0,0.0,0.0,0.0,1750.0,0.0,345.5257886710817
TASA 54,JAVIER,4,T054,MARZO,1930.0,0.0,0.0,0.0,0.0,6730.0,0.0,8660.0,371.13,1564.539496772244
TASA 55,TASA 55,4,T055,MARZO,1030.0,0.0,0.0,0.0,0.0,0.0,340.0,1370.0,73.268,73.7675449374707
TASA 56,SANTA ENMA,4,T056,MARZO,1480.0,0.0,0.0,0.0,0.0,0.0,270.0,1750.0,0.0,114.9342133596666
TASA 57,COPETSA 4,4,T057,MARZO,1550.0,0.0,0.0,0.0,0.0,0.0,0.0,1550.0,0.0,9.303399043737342
TASA 58,COPETSA 2,4,T058,MARZO,920.0,0.0,0.0,0.0,0.0,3050.0,2250.0,6220.0,263.809,1217.0169882268913
TASA 59,COPETSA 1,4,T059,MARZO,1880.0,0.0,0.0,0.0,0.0,0.0,0.0,1880.0,0.0,56.45740875262386
TASA 61,SEBASTIAN,2,T061,MARZO,1320.0,0.0,0.0,0.0,0.0,0.0,0.0,1320.0,0.0,345.5257886710817
TASA 71,DON ABRAHAM,4,T071,MARZO,2140.0,0.0,0.0,0.0,0.0,3705.0,0.0,5845.0,317.234,1312.505877024278
TASA 111,CAPLINA 8,1,T111,FEBRERO,1206.0,0.0,0.0,0.0,0.0,0.0,0.0,1206.0,0.0,2787.767979562887
TASA 17,RIMAC 4,1,T017,FEBRERO,295.0,0.0,0.0,0.0,0.0,0.0,0.0,295.0,0.0,124.1564572559014
TASA 21,LOBO I,3,T021,FEBRERO,506.0,0.0,0.0,0.0,0.0,0.0,0.0,506.0,0.0,106.20075677534851
TASA 210,PIZARRO 10,3,T210,FEBRERO,0.0,0.0,0.0,0.0,0.0,0.0,0.0,0.0,0.0,90.4935648669634
TASA 218,BRAVO 10,1,T218,FEBRERO,940.0,0.0,0.0,2600.0,1200.0,0.0,0.0,4740.0,622.35,1873.154867268517
TASA 22,MAYTE,3,T022,FEBRERO,1547.0,0.0,0.0,1817.0,773.0,0.0,0.0,4137.0,924.2249999999999,2109.228985584657
TASA 220,MACABI 3,1,T220,FEBRERO,76.0,0.0,0.0,0.0,0.0,0.0,0.0,76.0,0.0,90.4935648669634
TASA 23,LOBO II,3,T023,FEBRERO,410.0,0.0,0.0,0.0,0.0,0.0,0.0,410.0,0.0,66.4422177290897
TASA 31,JAYANCA,1,T031,FEBRERO,460.0,0.0,0.0,2140.0,860.0,0.0,0.0,3460.0,556.365,1629.664197698661
TASA 310,ZAÑA,1,T310,FEBRERO,348.0,0.0,0.0,2000.0,1250.0,0.0,0.0,3598.0,1072.33,1908.848605222021
TASA 314,CONTUMAZA 4,1,T314,FEBRERO,405.0,0.0,0.0,0.0,0.0,0.0,0.0,405.0,0.0,106.20075677534851
TASA 315,BRAVO 7,1,T315,FEBRERO,0.0,0.0,0.0,0.0,0.0,0.0,0.0,0.0,0.0,90.4935648669634
TASA 32,PEGASO,3,T032,FEBRERO,1656.0,0.0,0.0,2323.0,1510.0,0.0,0.0,5489.0,1259.25,3234.6071582001277
TASA 34,SAMOA,3,T034,FEBRERO,230.0,0.0,0.0,0.0,0.0,0.0,0.0,230.0,0.0,30.84211319509969
TASA 35,PUNTA SAL,3,T035,FEBRERO,350.0,0.0,0.0,0.0,0.0,0.0,0.0,350.0,0.0,121.16620669435693
TASA 36,FLAMINGO,3,T036,FEBRERO,650.0,0.0,0.0,0.0,0.0,0.0,0.0,650.0,0.0,247.5175788104989
TASA 37,COSTA AZUL,3,T037,FEBRERO,0.0,0.0,0.0,0.0,0.0,0.0,0.0,0.0,0.0,90.4935648669634
TASA 38,TARATA 3,3,T038,FEBRERO,380.0,0.0,0.0,1530.0,1150.0,0.0,0.0,3060.0,436.31,973.1983965506702
TASA 41,DON ANGEL,4,T041,FEBRERO,150.0,0.0,0.0,0.0,0.0,24741.0,209.0,25100.0,2026.664,4603.680112221423
TASA 411,SIPAN,2,T411,FEBRERO,415.0,0.0,0.0,0.0,0.0,0.0,0.0,415.0,0.0,61.1618769982089
TASA 412,SECHIN II,2,T412,FEBRERO,0.0,0.0,0.0,0.0,0.0,0.0,0.0,0.0,0.0,6.898294404913758
TASA 413,OLMOS II,2,T413,FEBRERO,0.0,0.0,0.0,0.0,0.0,0.0,0.0,0.0,0.0,90.4935648669634
TASA 414,ESTRELLA,2,T414,FEBRERO,175.0,0.0,0.0,1285.0,1710.0,0.0,0.0,3170.0,271.645,4.052415924149972
TASA 415,INDEPENDENCIA I,2,T415,FEBRERO,130.0,0.0,0.0,0.0,0.0,0.0,0.0,130.0,0.0,90.4935648669634
TASA 416,SALKANTAY,2,T416,FEBRERO,320.0,0.0,0.0,3110.0,1580.0,0.0,0.0,5010.0,811.05,1665.3071810002762
TASA 417,INANSA,2,T417,FEBRERO,155.0,0.0,0.0,0.0,1575.0,0.0,0.0,1730.0,0.0,666.7752187313076
TASA 418,INDEPENDENCIA II,2,T418,FEBRERO,330.0,0.0,0.0,2850.0,1600.0,0.0,0.0,4780.0,1148.5,2232.073786545419
TASA 419,DOÑA BEILA,4,T419,FEBRERO,50.0,0.0,0.0,0.0,0.0,15170.0,0.0,15220.0,1490.129,4474.476544341506
TASA 42,CARMEN LUISA,4,T042,FEBRERO,1100.0,0.0,0.0,0.0,0.0,21100.0,0.0,22200.0,1378.669,4029.621389594622
TASA 420,GUILLERMO,2,T420,FEBRERO,450.0,0.0,0.0,0.0,0.0,0.0,0.0,450.0,0.0,106.20075677534851
TASA 424,BRAVO 4,3,T424,FEBRERO,0.0,0.0,0.0,0.0,0.0,0.0,0.0,0.0,0.0,90.4935648669634
TASA 425,BRAVO 9,2,T425,FEBRERO,680.0,0.0,0.0,0.0,0.0,0.0,0.0,680.0,0.0,135.86793526230446
TASA 426,DON ENRIQUE,3,T426,FEBRERO,120.0,0.0,0.0,0.0,0.0,0.0,0.0,120.0,0.0,90.4935648669634
TASA 427,ESTHER 7,4,T427,FEBRERO,1800.0,0.0,0.0,0.0,0.0,0.0,0.0,1800.0,0.0,345.5257886710817
TASA 43,TASA 43,2,T043,FEBRERO,1150.0,0.0,0.0,0.0,0.0,0.0,0.0,1150.0,0.0,19.63912809118117
TASA 44,TASA 44,2,T044,FEBRERO,720.0,0.0,0.0,0.0,0.0,0.0,0.0,720.0,0.0,24.28385446973807
TASA 45,TASA 45,2,T045,FEBRERO,680.0,0.0,0.0,0.0,0.0,0.0,0.0,680.0,0.0,135.86793526230446
TASA 51,SIPESA 63,4,T051,FEBRERO,2190.0,0.0,0.0,0.0,0.0,0.0,0.0,2190.0,0.0,60.97101419350567
TASA 52,SIPESA 62,4,T052,FEBRERO,425.0,0.0,0.0,0.0,0.0,4480.0,2820.0,7725.0,408.292,1115.8959867980043
TASA 53,MARU 2,4,T053,FEBRERO,1180.0,0.0,0.0,0.0,0.0,0.0,0.0,1180.0,0.0,787.3135127969189
TASA 54,JAVIER,4,T054,FEBRERO,3025.0,0.0,0.0,0.0,0.0,13160.0,0.0,16185.0,403.589,1922.475703173567
TASA 55,TASA 55,4,T055,FEBRERO,320.0,0.0,0.0,0.0,0.0,35545.0,0.0,35865.0,2547.8,6592.017365069151
TASA 56,SANTA ENMA,4,T056,FEBRERO,0.0,0.0,0.0,0.0,0.0,34500.0,950.0,35450.0,2089.428,7232.476776135139
TASA 57,COPETSA 4,4,T057,FEBRERO,1220.0,0.0,0.0,0.0,0.0,8130.0,750.0,10100.0,644.825,2474.025209862699
TASA 58,COPETSA 2,4,T058,FEBRERO,360.0,0.0,0.0,0.0,0.0,21230.0,0.0,21590.0,1777.155,4451.150959391498
TASA 59,COPETSA 1,4,T059,FEBRERO,0.0,0.0,0.0,0.0,0.0,31090.0,0.0,31090.0,2592.032,5546.532237711447
TASA 61,SEBASTIAN,2,T061,FEBRERO,3340.0,0.0,0.0,0.0,0.0,0.0,0.0,3340.0,0.0,1008.2823749364655
TASA 71,DON ABRAHAM,4,T071,FEBRERO,0.0,0.0,0.0,0.0,0.0,34415.0,6820.0,41235.0,3638.173,6617.729814184911
TASA 111,CAPLINA 8,1,T111,ENERO,0.0,257.0,3008.0,0.0,0.0,0.0,0.0,3265.0,650.0100000000001,2492.013748114356
TASA 17,RIMAC 4,1,T017,ENERO,0.0,0.0,6341.0,0.0,0.0,0.0,0.0,6341.0,996.805,4585.339034292751
TASA 21,LOBO I,3,T021,ENERO,311.0,1316.0,8463.0,0.0,0.0,0.0,0.0,10090.0,1662.425,4549.753336333692
TASA 210,PIZARRO 10,3,T210,ENERO,316.2,521.0,5250.0,0.0,0.0,0.0,0.0,6087.2,1650.805,3459.5044390251337
TASA 218,BRAVO 10,1,T218,ENERO,0.0,1000.0,9740.0,0.0,0.0,0.0,0.0,10740.0,1284.52,6512.305080172756
TASA 22,MAYTE,3,T022,ENERO,0.0,646.0,9810.0,0.0,0.0,0.0,0.0,10456.0,1658.945,5999.789117402265
TASA 220,MACABI 3,1,T220,ENERO,4.0,485.0,2040.0,0.0,0.0,0.0,0.0,2529.0,561.365,1830.900920003482
TASA 23,LOBO II,3,T023,ENERO,80.0,710.0,1210.0,0.0,0.0,0.0,0.0,2000.0,228.195,883.1320272028107
TASA 31,JAYANCA,1,T031,ENERO,0.0,300.0,7665.0,0.0,0.0,0.0,0.0,7965.0,2188.61,5033.734674696574
TASA 310,ZAÑA,1,T310,ENERO,0.0,2502.0,7630.0,0.0,0.0,0.0,0.0,10132.0,1159.185,3999.332660545225
TASA 314,CONTUMAZA 4,1,T314,ENERO,0.0,2820.0,11770.0,0.0,0.0,0.0,0.0,14590.0,1792.525,5476.348558863964
TASA 315,BRAVO 7,1,T315,ENERO,360.0,2255.0,10094.0,0.0,0.0,0.0,0.0,12709.0,2204.66,5548.749116815605
TASA 32,PEGASO,3,T032,ENERO,0.0,1662.0,10527.0,0.0,0.0,0.0,0.0,12189.0,2029.45,5850.126337540083
TASA 34,SAMOA,3,T034,ENERO,0.0,1220.0,11070.0,0.0,0.0,0.0,0.0,12290.0,2005.265,5083.327962370519
TASA 35,PUNTA SAL,3,T035,ENERO,0.0,1760.0,7950.0,0.0,0.0,0.0,0.0,9710.0,2093.475,2844.063452975385
TASA 36,FLAMINGO,3,T036,ENERO,0.0,3945.0,6995.0,0.0,0.0,0.0,0.0,10940.0,1277.005,6186.525177144613
TASA 37,COSTA AZUL,3,T037,ENERO,315.0,2270.0,5200.0,0.0,0.0,0.0,0.0,7785.0,1692.335,2054.414142824005
TASA 38,TARATA 3,3,T038,ENERO,0.0,1855.0,7200.0,0.0,0.0,0.0,0.0,9055.0,1985.815,4206.256414399714
TASA 41,DON ANGEL,4,T041,ENERO,300.0,1570.0,20980.0,0.0,0.0,0.0,0.0,22850.0,2215.29,5921.53439757146
TASA 411,SIPAN,2,T411,ENERO,0.0,550.0,15258.0,0.0,0.0,0.0,0.0,15808.0,1789.795,6004.972922435922
TASA 412,SECHIN II,2,T412,ENERO,255.0,4350.0,11330.0,0.0,0.0,0.0,0.0,15935.0,2150.175,6761.463109253802
TASA 413,OLMOS II,2,T413,ENERO,150.0,3560.0,10000.0,0.0,0.0,0.0,0.0,13710.0,2140.08,5974.731143175686
TASA 414,ESTRELLA,2,T414,ENERO,0.0,1880.0,13380.0,0.0,0.0,0.0,0.0,15260.0,2654.46,3.630326846768772
TASA 415,INDEPENDENCIA I,2,T415,ENERO,0.0,3165.0,13495.0,0.0,0.0,0.0,0.0,16660.0,2193.2,4835.065925793272
TASA 416,SALKANTAY,2,T416,ENERO,80.0,3170.0,12030.0,0.0,0.0,0.0,0.0,15280.0,1959.46,4921.9711052914845
TASA 417,INANSA,2,T417,ENERO,0.0,3366.0,11122.0,0.0,0.0,0.0,0.0,14488.0,2279.829999999999,6933.130553479384
TASA 418,INDEPENDENCIA II,2,T418,ENERO,0.0,2140.0,13310.0,0.0,0.0,0.0,0.0,15450.0,2119.06,6861.072686022233
TASA 419,DOÑA BEILA,4,T419,ENERO,50.0,3250.0,15600.0,0.0,0.0,2950.0,0.0,21850.0,2037.185,6525.491864840887
TASA 42,CARMEN LUISA,4,T042,ENERO,0.0,0.0,33200.0,0.0,0.0,0.0,0.0,33200.0,1370.495,6818.24274599769
TASA 420,GUILLERMO,2,T420,ENERO,300.0,3400.0,12050.0,0.0,0.0,0.0,0.0,15750.0,1943.19,6625.759086041189
TASA 424,BRAVO 4,3,T424,ENERO,328.0,3015.0,9235.0,0.0,0.0,0.0,0.0,12578.0,1511.195,6253.078700055769
TASA 425,BRAVO 9,2,T425,ENERO,269.0,2620.0,21590.0,0.0,0.0,0.0,0.0,24479.0,2395.699999999999,4498.574364828976
TASA 426,DON ENRIQUE,3,T426,ENERO,0.0,1710.0,14430.0,0.0,0.0,0.0,0.0,16140.0,1890.195,6280.1119313986665
TASA 427,ESTHER 7,4,T427,ENERO,0.0,2400.0,21450.0,0.0,0.0,0.0,0.0,23850.0,1652.985,4395.162904964616
TASA 43,TASA 43,2,T043,ENERO,0.0,6060.0,18590.0,0.0,0.0,0.0,0.0,24650.0,2259.14,7039.583521036127
TASA 44,TASA 44,2,T044,ENERO,270.0,2960.0,18810.0,0.0,0.0,0.0,0.0,22040.0,1415.64,5593.409235934381
TASA 45,TASA 45,2,T045,ENERO,190.0,2390.0,23820.0,0.0,0.0,0.0,0.0,26400.0,2398.565,4572.745684633958
TASA 51,SIPESA 63,4,T051,ENERO,0.0,980.0,30110.0,0.0,0.0,0.0,0.0,31090.0,2850.16,7171.951528332164
TASA 52,SIPESA 62,4,T052,ENERO,215.0,1325.0,31865.0,0.0,0.0,0.0,0.0,33405.0,1653.045,6605.997180229317
TASA 53,MARU 2,4,T053,ENERO,0.0,3020.0,22820.0,0.0,0.0,0.0,0.0,25840.0,1606.8,4614.964056277605
TASA 54,JAVIER,4,T054,ENERO,260.0,6055.0,24962.0,0.0,0.0,0.0,0.0,31277.0,2033.68,7093.857800018646
TASA 55,TASA 55,4,T055,ENERO,40.0,2220.0,29650.0,0.0,0.0,0.0,0.0,31910.0,1902.84,7237.440441281005
TASA 56,SANTA ENMA,4,T056,ENERO,700.0,1810.0,35100.0,0.0,0.0,3520.0,0.0,41130.0,2731.142,8809.799960280983
TASA 57,COPETSA 4,4,T057,ENERO,200.0,2450.0,19200.0,0.0,0.0,0.0,0.0,21850.0,2217.255,6422.766627835034
TASA 58,COPETSA 2,4,T058,ENERO,0.0,520.0,24390.0,0.0,0.0,0.0,0.0,24910.0,2578.815000000001,5414.11695089513
TASA 59,COPETSA 1,4,T059,ENERO,900.0,4480.0,25770.0,0.0,0.0,0.0,2660.0,33810.0,1741.95,6916.107839328937
TASA 61,SEBASTIAN,2,T061,ENERO,630.0,0.0,22540.0,0.0,0.0,0.0,0.0,23170.0,2215.725,1.571073919943444
TASA 71,DON ABRAHAM,4,T071,ENERO,1110.0,2240.0,35900.0,0.0,0.0,4850.0,0.0,44100.0,3964.511,8239.679166174183
TASA 111,CAPLINA 8,1,T111,ABRIL,110.0,0.0,0.0,0.0,0.0,0.0,0.0,110.0,0.0,32.13816583935209
TASA 17,RIMAC 4,1,T017,ABRIL,352.0,0.0,1536.0,0.0,0.0,0.0,0.0,1888.0,717.7800000000001,1277.473534648026
TASA 21,LOBO I,3,T021,ABRIL,477.0,0.0,1583.0,0.0,0.0,0.0,0.0,2060.0,700.1899999999999,992.0553564534977
TASA 210,PIZARRO 10,3,T210,ABRIL,1169.0,0.0,0.0,0.0,0.0,0.0,0.0,1169.0,0.0,131.22136449721296
TASA 218,BRAVO 10,1,T218,ABRIL,1270.0,0.0,710.0,0.0,0.0,0.0,0.0,1980.0,123.445,1006.68214421355
TASA 22,MAYTE,3,T022,ABRIL,140.0,0.0,1627.0,0.0,0.0,0.0,0.0,1767.0,684.555,1094.927473123577
TASA 220,MACABI 3,1,T220,ABRIL,194.0,0.0,1770.0,0.0,0.0,0.0,0.0,1964.0,219.925,1058.858971356265
TASA 23,LOBO II,3,T023,ABRIL,830.0,0.0,1240.0,0.0,0.0,0.0,0.0,2070.0,574.6,1168.685834132186
TASA 31,JAYANCA,1,T031,ABRIL,220.0,0.0,1850.0,0.0,0.0,0.0,0.0,2070.0,620.095,883.9606280681477
TASA 310,ZAÑA,1,T310,ABRIL,4469.0,0.0,1691.0,0.0,0.0,0.0,0.0,6160.0,650.775,771.5918048472287
TASA 314,CONTUMAZA 4,1,T314,ABRIL,220.0,0.0,2730.0,0.0,0.0,0.0,0.0,2950.0,581.105,1097.4516463118218
TASA 315,BRAVO 7,1,T315,ABRIL,575.0,0.0,844.0,0.0,0.0,0.0,0.0,1419.0,462.77,417.5613419107802
TASA 32,PEGASO,3,T032,ABRIL,215.0,0.0,3365.0,0.0,0.0,0.0,0.0,3580.0,988.3,4.048247110351771
TASA 34,SAMOA,3,T034,ABRIL,160.0,0.0,2300.0,0.0,0.0,0.0,0.0,2460.0,512.18,1065.28670288291
TASA 35,PUNTA SAL,3,T035,ABRIL,1090.0,0.0,1990.0,0.0,0.0,0.0,0.0,3080.0,694.4649999999999,1097.4516463118218
TASA 36,FLAMINGO,3,T036,ABRIL,180.0,0.0,1130.0,0.0,0.0,0.0,0.0,1310.0,306.825,555.1939679645687
TASA 37,COSTA AZUL,3,T037,ABRIL,210.0,0.0,2340.0,0.0,0.0,0.0,0.0,2550.0,792.935,1383.549363921193
TASA 38,TARATA 3,3,T038,ABRIL,110.0,0.0,1985.0,0.0,0.0,0.0,0.0,2095.0,950.69,844.1141115935773
TASA 41,DON ANGEL,4,T041,ABRIL,1220.0,0.0,4090.0,0.0,0.0,0.0,0.0,5310.0,1055.135,807.5271451727328
TASA 411,SIPAN,2,T411,ABRIL,347.0,0.0,2770.0,0.0,0.0,0.0,0.0,3117.0,666.4100000000001,956.4888724709149
TASA 412,SECHIN II,2,T412,ABRIL,1050.0,0.0,1410.0,0.0,0.0,0.0,0.0,2460.0,698.98,656.4863138690798
TASA 413,OLMOS II,2,T413,ABRIL,564.0,0.0,1826.0,0.0,0.0,0.0,0.0,2390.0,609.125,1077.0232863940344
TASA 414,ESTRELLA,2,T414,ABRIL,150.0,0.0,0.0,0.0,0.0,0.0,0.0,150.0,0.0,90.4935648669634
TASA 415,INDEPENDENCIA I,2,T415,ABRIL,368.0,652.0,2255.0,0.0,0.0,0.0,0.0,3275.0,1107.75,1452.068889272208
TASA 416,SALKANTAY,2,T416,ABRIL,180.0,0.0,4300.0,0.0,0.0,0.0,0.0,4480.0,794.845,1253.023199943808
TASA 417,INANSA,2,T417,ABRIL,450.0,0.0,1440.0,0.0,0.0,0.0,0.0,1890.0,452.775,716.6366304173998
TASA 418,INDEPENDENCIA II,2,T418,ABRIL,220.0,0.0,1830.0,0.0,0.0,0.0,0.0,2050.0,940.46,587.5719163113409
TASA 419,DOÑA BEILA,4,T419,ABRIL,500.0,0.0,4180.0,0.0,0.0,0.0,0.0,4680.0,865.385,1111.106512552943
TASA 42,CARMEN LUISA,4,T042,ABRIL,1150.0,0.0,5050.0,0.0,0.0,0.0,0.0,6200.0,629.6400000000001,1437.870893773646
TASA 420,GUILLERMO,2,T420,ABRIL,230.0,0.0,3190.0,0.0,0.0,0.0,0.0,3420.0,828.225,1194.895790889899
TASA 424,BRAVO 4,3,T424,ABRIL,670.0,0.0,1230.0,0.0,0.0,0.0,0.0,1900.0,404.045,692.2240024902168
TASA 425,BRAVO 9,2,T425,ABRIL,1000.0,0.0,4420.0,0.0,0.0,0.0,0.0,5420.0,792.4850000000001,1229.0525207030907
TASA 426,DON ENRIQUE,3,T426,ABRIL,410.0,0.0,3590.0,0.0,0.0,0.0,0.0,4000.0,603.36,1298.0816150869682
TASA 427,ESTHER 7,4,T427,ABRIL,1300.0,150.0,1400.0,0.0,0.0,0.0,0.0,2850.0,229.77,653.3706464514237
TASA 43,TASA 43,2,T043,ABRIL,1050.0,730.0,3050.0,0.0,0.0,0.0,0.0,4830.0,991.995,1062.359387887358
TASA 44,TASA 44,2,T044,ABRIL,940.0,0.0,5360.0,0.0,0.0,0.0,0.0,6300.0,889.415,1072.612225092339
TASA 45,TASA 45,2,T045,ABRIL,850.0,0.0,5310.0,0.0,0.0,0.0,0.0,6160.0,1261.32,3137.8693464600624
TASA 51,SIPESA 63,4,T051,ABRIL,1440.0,0.0,7630.0,0.0,0.0,0.0,0.0,9070.0,1190.205,1706.967773688169
TASA 52,SIPESA 62,4,T052,ABRIL,2952.0,82.0,3552.0,0.0,0.0,0.0,0.0,6586.0,583.965,746.6812429006203
TASA 53,MARU 2,4,T053,ABRIL,1290.0,0.0,5410.0,0.0,0.0,0.0,0.0,6700.0,1092.865,1552.5436743761584
TASA 54,JAVIER,4,T054,ABRIL,1780.0,0.0,7013.0,0.0,0.0,0.0,0.0,8793.0,940.995,1426.5890710170472
TASA 55,TASA 55,4,T055,ABRIL,999.4,0.0,5580.0,0.0,0.0,0.0,0.0,6579.4,712.6700000000001,1408.157808541758
TASA 56,SANTA ENMA,4,T056,ABRIL,1210.0,0.0,4530.0,0.0,0.0,0.0,0.0,5740.0,1086.975,823.213335045787
TASA 57,COPETSA 4,4,T057,ABRIL,800.0,0.0,5050.0,0.0,0.0,0.0,0.0,5850.0,913.49,1181.411501617293
TASA 58,COPETSA 2,4,T058,ABRIL,860.0,0.0,5670.0,0.0,0.0,0.0,0.0,6530.0,1360.055,3505.2646349355423
TASA 59,COPETSA 1,4,T059,ABRIL,1120.0,0.0,7920.0,0.0,0.0,0.0,0.0,9040.0,1276.515,1891.865297428305
TASA 61,SEBASTIAN,2,T061,ABRIL,1050.0,0.0,6430.0,0.0,0.0,0.0,0.0,7480.0,1234.225,3353.8100724830097
TASA 71,DON ABRAHAM,4,T071,ABRIL,2590.0,0.0,10300.0,0.0,0.0,0.0,0.0,12890.0,2020.96,5795.929973656588
TASA 111,CAPLINA 8,1,T111,MAYO,34.0,435.0,1165.0,0.0,0.0,0.0,0.0,1634.0,322.023,1002.991635797935
TASA 17,RIMAC 4,1,T017,MAYO,95.0,0.0,5625.0,0.0,0.0,0.0,0.0,5720.0,1811.613,3817.061134753472
TASA 21,LOBO I,3,T021,MAYO,0.0,2558.0,8008.0,0.0,0.0,0.0,0.0,10566.0,2352.378,3138.214239337145
TASA 210,PIZARRO 10,3,T210,MAYO,120.0,930.0,2850.0,0.0,0.0,0.0,0.0,3900.0,400.306,1555.153814259946
TASA 218,BRAVO 10,1,T218,MAYO,20.0,1590.0,8820.0,0.0,0.0,0.0,0.0,10430.0,2232.402,5334.743026217458
TASA 22,MAYTE,3,T022,MAYO,139.0,1177.0,9637.0,0.0,0.0,0.0,0.0,10953.0,3383.935,5752.7822066802
TASA 220,MACABI 3,1,T220,MAYO,33.0,1055.0,5307.0,0.0,0.0,0.0,0.0,6395.0,1382.593,4536.714754569361
TASA 23,LOBO II,3,T023,MAYO,70.0,3178.0,6622.0,0.0,0.0,0.0,0.0,9870.0,2108.895,5387.596446870654
TASA 31,JAYANCA,1,T031,MAYO,0.0,0.0,4690.0,0.0,0.0,0.0,0.0,4690.0,2757.23,4904.335922318059
TASA 310,ZAÑA,1,T310,MAYO,405.0,920.0,8975.0,0.0,0.0,0.0,0.0,10300.0,2929.71,4890.840175182454
TASA 314,CONTUMAZA 4,1,T314,MAYO,0.0,3030.0,12690.0,0.0,0.0,0.0,0.0,15720.0,2166.697,5916.2922341776
TASA 315,BRAVO 7,1,T315,MAYO,22.0,696.0,10493.0,0.0,0.0,0.0,0.0,11211.0,2892.165,5056.068927705533
TASA 32,PEGASO,3,T032,MAYO,45.0,715.0,11170.0,0.0,0.0,0.0,0.0,11930.0,2925.165,5118.4723027392365
TASA 34,SAMOA,3,T034,MAYO,30.0,1240.0,10510.0,0.0,0.0,0.0,0.0,11780.0,2299.135,4842.870601980448
TASA 35,PUNTA SAL,3,T035,MAYO,30.0,1180.0,10760.0,0.0,0.0,0.0,0.0,11970.0,2593.59,4597.108826917743
TASA 36,FLAMINGO,3,T036,MAYO,0.0,692.0,9418.0,0.0,0.0,0.0,0.0,10110.0,3335.271,4903.085964431726
TASA 37,COSTA AZUL,3,T037,MAYO,120.0,710.0,9850.0,0.0,0.0,0.0,0.0,10680.0,3532.525,5279.415389545839
TASA 38,TARATA 3,3,T038,MAYO,15.0,1715.0,8805.0,0.0,0.0,0.0,0.0,10535.0,2891.71,4386.151179642983
TASA 41,DON ANGEL,4,T041,MAYO,0.0,1060.0,28270.0,0.0,0.0,0.0,0.0,29330.0,3795.045,6338.74996525707
TASA 411,SIPAN,2,T411,MAYO,50.0,1370.0,15900.0,0.0,0.0,0.0,0.0,17320.0,2987.931,5725.090205161045
TASA 412,SECHIN II,2,T412,MAYO,70.0,2475.0,14995.0,0.0,0.0,0.0,0.0,17540.0,3695.325,6881.950155151336
TASA 413,OLMOS II,2,T413,MAYO,0.0,1290.0,12630.0,0.0,0.0,0.0,0.0,13920.0,3372.273,5278.179582340597
TASA 414,ESTRELLA,2,T414,MAYO,50.0,1170.0,13360.0,0.0,0.0,0.0,0.0,14580.0,3062.481,5338.620130955663
TASA 415,INDEPENDENCIA I,2,T415,MAYO,40.0,1690.0,16720.0,0.0,0.0,0.0,0.0,18450.0,2991.09,4934.232330300447
TASA 416,SALKANTAY,2,T416,MAYO,50.0,1550.0,15200.0,0.0,0.0,0.0,0.0,16800.0,4210.690000000001,5779.405645481188
TASA 417,INANSA,2,T417,MAYO,10.0,1180.0,14670.0,0.0,0.0,0.0,0.0,15860.0,3816.03,6301.10983463038
TASA 418,INDEPENDENCIA II,2,T418,MAYO,30.0,3160.0,13230.0,0.0,0.0,0.0,0.0,16420.0,3021.153,6462.661223387843
TASA 419,DOÑA BEILA,4,T419,MAYO,38.0,0.0,25460.0,0.0,0.0,0.0,0.0,25498.0,4137.95,7085.036951858036
TASA 42,CARMEN LUISA,4,T042,MAYO,130.0,2400.0,33350.0,0.0,0.0,0.0,0.0,35880.0,4158.555,6172.961098082595
TASA 420,GUILLERMO,2,T420,MAYO,10.0,2050.0,14040.0,0.0,0.0,0.0,0.0,16100.0,3052.72,5689.382928417067
TASA 424,BRAVO 4,3,T424,MAYO,35.0,1115.0,10430.0,0.0,0.0,0.0,0.0,11580.0,2918.394,5472.290267700138
TASA 425,BRAVO 9,2,T425,MAYO,50.0,0.0,29050.0,0.0,0.0,0.0,0.0,29100.0,6129.280000000001,6655.254669816053
TASA 426,DON ENRIQUE,3,T426,MAYO,282.0,1660.0,14210.0,0.0,0.0,0.0,0.0,16152.0,3315.924,5871.986451283359
TASA 427,ESTHER 7,4,T427,MAYO,0.0,0.0,26150.0,0.0,0.0,0.0,0.0,26150.0,4216.796,6997.064741502038
TASA 43,TASA 43,2,T043,MAYO,60.0,340.0,28650.0,0.0,0.0,0.0,0.0,29050.0,3713.37,7730.951528705663
TASA 44,TASA 44,2,T044,MAYO,0.0,0.0,29400.0,0.0,0.0,0.0,0.0,29400.0,3858.145,7175.705272991978
TASA 45,TASA 45,2,T045,MAYO,0.0,0.0,27980.0,0.0,0.0,0.0,0.0,27980.0,3705.26,7216.52117580764
TASA 51,SIPESA 63,4,T051,MAYO,150.0,0.0,35850.0,0.0,0.0,0.0,0.0,36000.0,5121.344,7858.320983888407
TASA 52,SIPESA 62,4,T052,MAYO,0.0,0.0,30594.0,0.0,0.0,0.0,0.0,30594.0,5309.546,5681.280528836885
TASA 53,MARU 2,4,T053,MAYO,8370.0,870.0,27360.0,0.0,0.0,0.0,0.0,36600.0,5153.515,7579.057057783015
TASA 54,JAVIER,4,T054,MAYO,45.0,0.0,40269.0,0.0,0.0,0.0,0.0,40314.0,5580.383,7400.4063118662325
TASA 55,TASA 55,4,T055,MAYO,710.0,0.0,36260.0,0.0,0.0,0.0,0.0,36970.0,5289.76,7064.89673795658
TASA 56,SANTA ENMA,4,T056,MAYO,80.0,0.0,37020.0,0.0,0.0,0.0,0.0,37100.0,5036.43,8098.618713501601
TASA 57,COPETSA 4,4,T057,MAYO,50.0,1800.0,20100.0,0.0,0.0,0.0,0.0,21950.0,2847.116,5867.730988976055
TASA 58,COPETSA 2,4,T058,MAYO,350.0,50.0,25670.0,0.0,0.0,0.0,0.0,26070.0,4920.44,7081.048902895669
TASA 59,COPETSA 1,4,T059,MAYO,130.0,300.0,34788.0,0.0,0.0,0.0,0.0,35218.0,4552.817,6712.538487947007
TASA 61,SEBASTIAN,2,T061,MAYO,198.0,0.0,30080.0,0.0,0.0,0.0,0.0,30278.0,4507.175,7175.435006096262
TASA 71,DON ABRAHAM,4,T071,MAYO,160.0,0.0,45310.0,0.0,0.0,0.0,0.0,45470.0,6281.710000000001,8656.445035855586
TASA 111,CAPLINA 8,1,T111,JUNIO,1708.0,0.0,7398.0,0.0,0.0,0.0,0.0,9106.0,1270.738,4813.006665129366
TASA 17,RIMAC 4,1,T017,JUNIO,0.0,0.0,0.0,0.0,0.0,0.0,0.0,0.0,0.0,2.22636784201195
TASA 21,LOBO I,3,T021,JUNIO,0.0,689.0,10364.0,0.0,0.0,0.0,0.0,11053.0,1960.648,5773.458550186698
TASA 210,PIZARRO 10,3,T210,JUNIO,1530.0,0.0,8740.0,0.0,0.0,0.0,0.0,10270.0,1308.62,5932.238637872168
TASA 218,BRAVO 10,1,T218,JUNIO,0.0,930.0,8270.0,0.0,0.0,0.0,0.0,9200.0,1138.77,4782.986778772568
TASA 22,MAYTE,3,T022,JUNIO,0.0,330.0,6910.0,0.0,0.0,0.0,0.0,7240.0,2125.75,3900.05730962959
TASA 220,MACABI 3,1,T220,JUNIO,687.0,0.0,4630.0,0.0,0.0,0.0,0.0,5317.0,832.155,3895.998501531928
TASA 23,LOBO II,3,T023,JUNIO,45.0,0.0,11415.0,0.0,0.0,0.0,0.0,11460.0,2309.716,5804.029297798642
TASA 31,JAYANCA,1,T031,JUNIO,690.0,0.0,8490.0,0.0,0.0,0.0,0.0,9180.0,990.4150000000001,3174.953832744999
TASA 310,ZAÑA,1,T310,JUNIO,87.0,0.0,8820.0,0.0,0.0,0.0,0.0,8907.0,1996.377,5194.525605560093
TASA 314,CONTUMAZA 4,1,T314,JUNIO,50.0,0.0,16180.0,0.0,0.0,0.0,0.0,16230.0,1989.11,6427.09879751081
TASA 315,BRAVO 7,1,T315,JUNIO,0.0,774.0,11986.0,0.0,0.0,0.0,0.0,12760.0,2204.565,5880.839275285824
TASA 32,PEGASO,3,T032,JUNIO,780.0,0.0,10730.0,0.0,0.0,0.0,0.0,11510.0,2256.929,5930.9214502109435
TASA 34,SAMOA,3,T034,JUNIO,0.0,620.0,12540.0,0.0,0.0,0.0,0.0,13160.0,1949.265,5973.888402077491
TASA 35,PUNTA SAL,3,T035,JUNIO,2920.0,0.0,10000.0,0.0,0.0,0.0,0.0,12920.0,1488.748,5353.362022571537
TASA 36,FLAMINGO,3,T036,JUNIO,1320.0,0.0,7370.0,0.0,0.0,0.0,0.0,8690.0,1724.315,4616.445709184205
TASA 37,COSTA AZUL,3,T037,JUNIO,541.0,0.0,10710.0,0.0,0.0,0.0,0.0,11251.0,2212.659999999999,5945.527067218681
TASA 38,TARATA 3,3,T038,JUNIO,0.0,637.0,6668.0,0.0,0.0,0.0,0.0,7305.0,1838.545,3982.3366348626064
TASA 41,DON ANGEL,4,T041,JUNIO,0.0,0.0,34950.0,0.0,0.0,0.0,0.0,34950.0,3576.675,6965.719612336056
TASA 411,SIPAN,2,T411,JUNIO,50.0,0.0,16900.0,0.0,0.0,0.0,0.0,16950.0,2023.961,6153.368255188768
TASA 412,SECHIN II,2,T412,JUNIO,20.0,2070.0,17280.0,0.0,0.0,0.0,0.0,19370.0,2255.734,7217.682166819901
TASA 413,OLMOS II,2,T413,JUNIO,900.0,0.0,13220.0,0.0,0.0,0.0,0.0,14120.0,2254.627,5953.9225330806785
TASA 414,ESTRELLA,2,T414,JUNIO,1150.0,0.0,9980.0,0.0,0.0,0.0,0.0,11130.0,1822.787,3861.882717217442
TASA 415,INDEPENDENCIA I,2,T415,JUNIO,0.0,2510.0,17090.0,0.0,0.0,0.0,0.0,19600.0,1996.547,6231.000440905242
TASA 416,SALKANTAY,2,T416,JUNIO,50.0,50.0,16500.0,0.0,0.0,0.0,0.0,16600.0,2100.14,6605.899967029908
TASA 417,INANSA,2,T417,JUNIO,680.0,0.0,16320.0,0.0,0.0,0.0,0.0,17000.0,2112.321,7222.148002331991
TASA 418,INDEPENDENCIA II,2,T418,JUNIO,40.0,0.0,16890.0,0.0,0.0,0.0,0.0,16930.0,2134.235,6643.838385989009
TASA 419,DOÑA BEILA,4,T419,JUNIO,0.0,0.0,26250.0,0.0,0.0,0.0,0.0,26250.0,3223.772,6858.583002634494
TASA 42,CARMEN LUISA,4,T042,JUNIO,0.0,0.0,43400.0,0.0,0.0,0.0,0.0,43400.0,3898.956,7731.999119024346
TASA 420,GUILLERMO,2,T420,JUNIO,50.0,0.0,17100.0,0.0,0.0,0.0,0.0,17150.0,2234.141,6814.889582697199
TASA 424,BRAVO 4,3,T424,JUNIO,0.0,0.0,12500.0,0.0,0.0,0.0,0.0,12500.0,1997.458,6033.741257766917
TASA 425,BRAVO 9,2,T425,JUNIO,0.0,1600.0,28451.0,0.0,0.0,0.0,0.0,30051.0,3205.575,7138.7195504408555
TASA 426,DON ENRIQUE,3,T426,JUNIO,650.0,0.0,14570.0,0.0,0.0,0.0,0.0,15220.0,2467.465,4765.771321780392
TASA 427,ESTHER 7,4,T427,JUNIO,0.0,0.0,27500.0,0.0,0.0,0.0,0.0,27500.0,2678.962,6934.878739766735
TASA 43,TASA 43,2,T043,JUNIO,0.0,0.0,28730.0,0.0,0.0,0.0,0.0,28730.0,3306.826,6942.951448896831
TASA 44,TASA 44,2,T044,JUNIO,0.0,0.0,25666.0,0.0,0.0,0.0,0.0,25666.0,2646.115,6437.375714645387
TASA 45,TASA 45,2,T045,JUNIO,1530.0,0.0,31740.0,0.0,0.0,0.0,0.0,33270.0,3804.757999999999,6994.083814437554
TASA 51,SIPESA 63,4,T051,JUNIO,0.0,0.0,35170.0,0.0,0.0,0.0,0.0,35170.0,4116.65,6964.350992180591
TASA 52,SIPESA 62,4,T052,JUNIO,0.0,0.0,41085.0,0.0,0.0,0.0,0.0,41085.0,4291.604,7637.500511360062
TASA 53,MARU 2,4,T053,JUNIO,0.0,0.0,27930.0,0.0,0.0,0.0,0.0,27930.0,3183.885,7188.107248563414
TASA 54,JAVIER,4,T054,JUNIO,969.0,0.0,35124.0,0.0,0.0,0.0,0.0,36093.0,4155.36,6789.765029624925
TASA 55,TASA 55,4,T055,JUNIO,0.0,0.0,41105.0,0.0,0.0,0.0,0.0,41105.0,3620.430000000001,8083.337637088417
TASA 56,SANTA ENMA,4,T056,JUNIO,4920.0,0.0,30110.0,0.0,0.0,0.0,0.0,35030.0,3213.66,7619.859561064397
TASA 57,COPETSA 4,4,T057,JUNIO,0.0,3150.0,19700.0,0.0,0.0,0.0,0.0,22850.0,2073.523,5908.365834002342
TASA 58,COPETSA 2,4,T058,JUNIO,0.0,0.0,29430.0,0.0,0.0,0.0,0.0,29430.0,4359.389999999999,7330.235061612257
TASA 59,COPETSA 1,4,T059,JUNIO,630.0,0.0,40330.0,0.0,0.0,0.0,0.0,40960.0,3572.003,7401.092576720443
TASA 61,SEBASTIAN,2,T061,JUNIO,0.0,0.0,29740.0,0.0,0.0,0.0,0.0,29740.0,4202.406999999999,6666.6629228759575
TASA 71,DON ABRAHAM,4,T071,JUNIO,3700.0,0.0,37660.0,0.0,0.0,0.0,0.0,41360.0,4489.0,8210.943810001094
TASA 111,CAPLINA 8,1,T111,JULIO,90.0,0.0,0.0,0.0,0.0,0.0,0.0,90.0,0.0,29.11542443735473
TASA 17,RIMAC 4,1,T017,JULIO,0.0,0.0,105.0,0.0,0.0,0.0,0.0,105.0,0.0,98.1707044404537
TASA 21,LOBO I,3,T021,JULIO,190.0,0.0,0.0,0.0,0.0,0.0,0.0,190.0,0.0,90.4935648669634
TASA 210,PIZARRO 10,3,T210,JULIO,90.0,0.0,0.0,0.0,0.0,0.0,0.0,90.0,0.0,90.4935648669634
TASA 218,BRAVO 10,1,T218,JULIO,250.0,0.0,0.0,0.0,0.0,0.0,0.0,250.0,0.0,29.34239042459386
TASA 22,MAYTE,3,T022,JULIO,446.0,0.0,0.0,0.0,0.0,0.0,0.0,446.0,0.0,12.85041071181861
TASA 220,MACABI 3,1,T220,JULIO,828.0,0.0,0.0,0.0,0.0,0.0,0.0,828.0,0.0,382.3205018400233
TASA 23,LOBO II,3,T023,JULIO,210.0,600.0,1450.0,0.0,0.0,0.0,0.0,2260.0,369.695,976.9087127467698
TASA 31,JAYANCA,1,T031,JULIO,215.0,35.0,0.0,0.0,0.0,0.0,0.0,250.0,0.0,90.4935648669634
TASA 310,ZAÑA,1,T310,JULIO,0.0,0.0,525.0,0.0,0.0,0.0,0.0,525.0,260.67,727.6650266089803
TASA 314,CONTUMAZA 4,1,T314,JULIO,340.0,850.0,3090.0,0.0,0.0,0.0,0.0,4280.0,326.576,6.051357490588764
TASA 315,BRAVO 7,1,T315,JULIO,326.0,0.0,2280.0,0.0,0.0,0.0,0.0,2606.0,692.327,1050.550311775947
TASA 32,PEGASO,3,T032,JULIO,640.0,0.0,0.0,0.0,0.0,0.0,0.0,640.0,0.0,135.86793526230446
TASA 34,SAMOA,3,T034,JULIO,232.0,0.0,1710.0,0.0,0.0,0.0,0.0,1942.0,273.565,334.5224916271666
TASA 35,PUNTA SAL,3,T035,JULIO,885.0,0.0,850.0,0.0,0.0,0.0,0.0,1735.0,583.6400000000001,966.7503177025703
TASA 36,FLAMINGO,3,T036,JULIO,315.0,0.0,0.0,0.0,0.0,0.0,0.0,315.0,0.0,69.22645448719697
TASA 37,COSTA AZUL,3,T037,JULIO,289.0,0.0,0.0,0.0,0.0,0.0,0.0,289.0,0.0,30.75297417721191
TASA 38,TARATA 3,3,T038,JULIO,415.0,0.0,0.0,0.0,0.0,0.0,0.0,415.0,0.0,106.20075677534851
TASA 41,DON ANGEL,4,T041,JULIO,595.0,1020.0,9350.0,0.0,0.0,0.0,0.0,10965.0,1158.535,1998.773422896573
TASA 411,SIPAN,2,T411,JULIO,485.0,510.0,3790.0,0.0,0.0,0.0,0.0,4785.0,857.07,1726.08523499383
TASA 412,SECHIN II,2,T412,JULIO,110.0,980.0,3550.0,0.0,0.0,0.0,0.0,4640.0,789.6,1755.670584052778
TASA 413,OLMOS II,2,T413,JULIO,107.0,574.0,3976.0,0.0,0.0,0.0,0.0,4657.0,771.942,1376.1852767461921
TASA 414,ESTRELLA,2,T414,JULIO,235.0,0.0,535.0,0.0,0.0,0.0,0.0,770.0,0.0,379.8538477361625
TASA 415,INDEPENDENCIA I,2,T415,JULIO,551.0,605.0,2875.0,0.0,0.0,0.0,0.0,4031.0,586.451,1444.7537833206586
TASA 416,SALKANTAY,2,T416,JULIO,300.0,600.0,2700.0,0.0,0.0,0.0,0.0,3600.0,331.695,951.7031456246232
TASA 417,INANSA,2,T417,JULIO,240.0,0.0,1650.0,0.0,0.0,0.0,0.0,1890.0,495.18,615.0818599894569
TASA 418,INDEPENDENCIA II,2,T418,JULIO,10.0,0.0,3170.0,0.0,0.0,0.0,0.0,3180.0,1037.98,1206.406218650761
TASA 419,DOÑA BEILA,4,T419,JULIO,865.0,1100.0,4450.0,0.0,0.0,0.0,0.0,6415.0,1007.08,1451.958543928344
TASA 42,CARMEN LUISA,4,T042,JULIO,991.0,380.0,6490.0,0.0,0.0,0.0,0.0,7861.0,907.375,1133.425295936406
TASA 420,GUILLERMO,2,T420,JULIO,590.0,1100.0,4350.0,0.0,0.0,0.0,0.0,6040.0,820.0749999999999,1669.711974402789
TASA 424,BRAVO 4,3,T424,JULIO,380.0,0.0,150.0,0.0,0.0,0.0,0.0,530.0,31.145,162.6846509397802
TASA 425,BRAVO 9,2,T425,JULIO,1170.0,200.0,7200.0,0.0,0.0,0.0,0.0,8570.0,988.925,1516.3445417391822
TASA 426,DON ENRIQUE,3,T426,JULIO,270.0,0.0,2660.0,0.0,0.0,0.0,0.0,2930.0,391.97,791.4905514110205
TASA 427,ESTHER 7,4,T427,JULIO,896.0,0.0,7450.0,0.0,0.0,0.0,0.0,8346.0,908.095,1627.5178662088924
TASA 43,TASA 43,2,T043,JULIO,752.0,1050.0,4780.0,0.0,0.0,0.0,0.0,6582.0,700.156,1522.923355277841
TASA 44,TASA 44,2,T044,JULIO,433.0,720.0,5694.0,0.0,0.0,0.0,0.0,6847.0,623.433,996.4599901026122
TASA 45,TASA 45,2,T045,JULIO,3031.0,1860.0,8550.0,0.0,0.0,0.0,0.0,13441.0,974.0250000000001,2630.1448219088356
TASA 51,SIPESA 63,4,T051,JULIO,1740.0,1030.0,6530.0,0.0,0.0,0.0,0.0,9300.0,932.315,1456.314323067797
TASA 52,SIPESA 62,4,T052,JULIO,2752.0,731.0,11445.0,0.0,0.0,0.0,0.0,14928.0,1323.17,2030.199213701071
TASA 53,MARU 2,4,T053,JULIO,1604.0,0.0,5820.0,0.0,0.0,0.0,0.0,7424.0,1164.027,2891.003546532759
TASA 54,JAVIER,4,T054,JULIO,1330.0,1580.0,5940.0,0.0,0.0,0.0,0.0,8850.0,719.919,1345.7173973292486
TASA 55,TASA 55,4,T055,JULIO,515.0,0.0,7345.0,0.0,0.0,0.0,0.0,7860.0,807.037,1105.530894110872
TASA 56,SANTA ENMA,4,T056,JULIO,809.0,0.0,9100.0,0.0,0.0,0.0,0.0,9909.0,1320.745,1287.454929451549
TASA 57,COPETSA 4,4,T057,JULIO,533.0,250.0,4250.0,0.0,0.0,0.0,0.0,5033.0,924.9180000000001,915.8017000581314
TASA 58,COPETSA 2,4,T058,JULIO,400.0,970.0,5250.0,0.0,0.0,0.0,0.0,6620.0,942.295,1134.6420277270684
TASA 59,COPETSA 1,4,T059,JULIO,1140.0,900.0,6990.0,0.0,0.0,0.0,0.0,9030.0,739.527,1384.103433821967
TASA 61,SEBASTIAN,2,T061,JULIO,1070.0,0.0,690.0,0.0,0.0,0.0,0.0,1760.0,112.435,589.6776363781809
TASA 71,DON ABRAHAM,4,T071,JULIO,1630.0,970.0,8840.0,0.0,0.0,0.0,0.0,11440.0,1091.205,2580.4641988327508
TASA 111,CAPLINA 8,1,T111,AGOSTO,285.0,0.0,0.0,0.0,0.0,0.0,0.0,285.0,0.0,129.9711278107735
TASA 17,RIMAC 4,1,T017,AGOSTO,274.0,0.0,0.0,0.0,0.0,0.0,0.0,274.0,0.0,90.4935648669634
TASA 21,LOBO I,3,T021,AGOSTO,191.0,0.0,0.0,0.0,0.0,0.0,0.0,191.0,0.0,90.4935648669634
TASA 210,PIZARRO 10,3,T210,AGOSTO,105.0,0.0,0.0,0.0,0.0,0.0,0.0,105.0,0.0,90.4935648669634
TASA 218,BRAVO 10,1,T218,AGOSTO,305.0,0.0,0.0,0.0,0.0,0.0,0.0,305.0,0.0,65.08924284202116
TASA 22,MAYTE,3,T022,AGOSTO,263.0,0.0,0.0,0.0,0.0,0.0,0.0,263.0,0.0,15.42195503364424
TASA 220,MACABI 3,1,T220,AGOSTO,130.0,0.0,0.0,0.0,0.0,0.0,0.0,130.0,0.0,20.90673755678038
TASA 23,LOBO II,3,T023,AGOSTO,200.0,0.0,0.0,0.0,0.0,0.0,0.0,200.0,0.0,35.82503974209796
TASA 31,JAYANCA,1,T031,AGOSTO,185.0,0.0,0.0,0.0,0.0,0.0,0.0,185.0,0.0,90.4935648669634
TASA 310,ZAÑA,1,T310,AGOSTO,0.0,0.0,0.0,0.0,0.0,0.0,0.0,0.0,0.0,8.43468138850669
TASA 314,CONTUMAZA 4,1,T314,AGOSTO,310.0,0.0,0.0,0.0,0.0,0.0,0.0,310.0,0.0,7.295981250653723
TASA 315,BRAVO 7,1,T315,AGOSTO,252.0,0.0,0.0,0.0,0.0,0.0,0.0,252.0,0.0,90.4935648669634
TASA 32,PEGASO,3,T032,AGOSTO,20.0,0.0,0.0,0.0,0.0,0.0,0.0,20.0,0.0,90.4935648669634
TASA 34,SAMOA,3,T034,AGOSTO,190.0,0.0,0.0,0.0,0.0,0.0,0.0,190.0,0.0,12.41279320764988
TASA 35,PUNTA SAL,3,T035,AGOSTO,195.0,0.0,0.0,0.0,0.0,0.0,0.0,195.0,0.0,90.4935648669634
TASA 36,FLAMINGO,3,T036,AGOSTO,295.0,0.0,0.0,0.0,0.0,0.0,0.0,295.0,0.0,24.58646915041893
TASA 37,COSTA AZUL,3,T037,AGOSTO,405.0,0.0,0.0,0.0,0.0,0.0,0.0,405.0,0.0,10.236620037825
TASA 38,TARATA 3,3,T038,AGOSTO,350.0,0.0,0.0,0.0,0.0,0.0,0.0,350.0,0.0,121.16620669435693
TASA 41,DON ANGEL,4,T041,AGOSTO,1275.0,0.0,0.0,0.0,0.0,0.0,0.0,1275.0,0.0,12.08064444630726
TASA 411,SIPAN,2,T411,AGOSTO,361.0,0.0,0.0,0.0,0.0,0.0,0.0,361.0,0.0,58.17992923166395
TASA 412,SECHIN II,2,T412,AGOSTO,250.0,0.0,0.0,0.0,0.0,0.0,0.0,250.0,0.0,1.411228647249064
TASA 413,OLMOS II,2,T413,AGOSTO,280.0,0.0,0.0,0.0,0.0,0.0,0.0,280.0,0.0,93.87362638282659
TASA 414,ESTRELLA,2,T414,AGOSTO,432.0,0.0,0.0,0.0,0.0,0.0,0.0,432.0,0.0,106.20075677534851
TASA 415,INDEPENDENCIA I,2,T415,AGOSTO,414.0,0.0,0.0,0.0,0.0,0.0,0.0,414.0,0.0,106.20075677534851
TASA 416,SALKANTAY,2,T416,AGOSTO,280.0,0.0,0.0,0.0,0.0,0.0,0.0,280.0,0.0,93.87362638282659
TASA 417,INANSA,2,T417,AGOSTO,0.0,0.0,0.0,0.0,0.0,0.0,0.0,0.0,0.0,90.4935648669634
TASA 418,INDEPENDENCIA II,2,T418,AGOSTO,0.0,0.0,0.0,0.0,0.0,0.0,0.0,0.0,0.0,90.4935648669634
TASA 419,DOÑA BEILA,4,T419,AGOSTO,775.0,0.0,0.0,0.0,0.0,0.0,0.0,775.0,0.0,7.625243601543506
TASA 42,CARMEN LUISA,4,T042,AGOSTO,540.0,0.0,0.0,0.0,0.0,0.0,0.0,540.0,0.0,38.78893000326004
TASA 420,GUILLERMO,2,T420,AGOSTO,470.0,0.0,0.0,0.0,0.0,0.0,0.0,470.0,0.0,11.02420105309674
TASA 424,BRAVO 4,3,T424,AGOSTO,170.0,0.0,0.0,0.0,0.0,0.0,0.0,170.0,0.0,38.88334928152577
TASA 425,BRAVO 9,2,T425,AGOSTO,230.0,0.0,0.0,0.0,0.0,0.0,0.0,230.0,0.0,90.4935648669634
TASA 426,DON ENRIQUE,3,T426,AGOSTO,0.0,0.0,0.0,0.0,0.0,0.0,0.0,0.0,0.0,90.4935648669634
TASA 427,ESTHER 7,4,T427,AGOSTO,1100.0,0.0,0.0,0.0,0.0,0.0,0.0,1100.0,0.0,131.22136449721296
TASA 43,TASA 43,2,T043,AGOSTO,840.0,0.0,0.0,0.0,0.0,0.0,0.0,840.0,0.0,187.2970310905479
TASA 44,TASA 44,2,T044,AGOSTO,780.0,0.0,0.0,0.0,0.0,0.0,0.0,780.0,0.0,25.01515807543206
TASA 45,TASA 45,2,T045,AGOSTO,110.0,0.0,0.0,0.0,0.0,0.0,0.0,110.0,0.0,90.4935648669634
TASA 51,SIPESA 63,4,T051,AGOSTO,2750.0,0.0,0.0,0.0,0.0,0.0,0.0,2750.0,0.0,100.3414810141745
TASA 52,SIPESA 62,4,T052,AGOSTO,2847.0,0.0,0.0,0.0,0.0,0.0,0.0,2847.0,0.0,104.3669058589225
TASA 53,MARU 2,4,T053,AGOSTO,0.0,0.0,0.0,0.0,0.0,0.0,0.0,0.0,0.0,90.4935648669634
TASA 54,JAVIER,4,T054,AGOSTO,785.0,0.0,0.0,0.0,0.0,0.0,0.0,785.0,0.0,135.86793526230446
TASA 55,TASA 55,4,T055,AGOSTO,0.0,0.0,0.0,0.0,0.0,0.0,0.0,0.0,0.0,90.4935648669634
TASA 56,SANTA ENMA,4,T056,AGOSTO,1880.0,0.0,0.0,0.0,0.0,0.0,0.0,1880.0,0.0,38.39338812463067
TASA 57,COPETSA 4,4,T057,AGOSTO,1100.0,0.0,0.0,0.0,0.0,0.0,0.0,1100.0,0.0,12.83579854043264
TASA 58,COPETSA 2,4,T058,AGOSTO,750.0,0.0,0.0,0.0,0.0,0.0,0.0,750.0,0.0,135.86793526230446
TASA 59,COPETSA 1,4,T059,AGOSTO,1430.0,0.0,0.0,0.0,0.0,0.0,0.0,1430.0,0.0,57.52003810011972
TASA 61,SEBASTIAN,2,T061,AGOSTO,0.0,0.0,0.0,0.0,0.0,0.0,0.0,0.0,0.0,90.4935648669634
TASA 71,DON ABRAHAM,4,T071,AGOSTO,2100.0,0.0,0.0,0.0,0.0,0.0,0.0,2100.0,0.0,370.8308274220091
TASA 17,RIMAC 4,1,T017,SEPTIEMBRE,111.0,0.0,0.0,0.0,0.0,0.0,0.0,111.0,0.0,90.4935648669634
TASA 21,LOBO I,3,T021,SEPTIEMBRE,361.0,0.0,0.0,0.0,0.0,0.0,0.0,361.0,0.0,121.16620669435693
TASA 22,MAYTE,3,T022,SEPTIEMBRE,150.0,0.0,0.0,0.0,0.0,0.0,0.0,150.0,0.0,6.314880527715991
TASA 23,LOBO II,3,T023,SEPTIEMBRE,210.0,0.0,0.0,0.0,0.0,0.0,0.0,210.0,0.0,40.58142624061627
TASA 31,JAYANCA,1,T031,SEPTIEMBRE,195.0,0.0,0.0,0.0,0.0,0.0,0.0,195.0,0.0,90.4935648669634
TASA 32,PEGASO,3,T032,SEPTIEMBRE,76.0,0.0,0.0,0.0,0.0,0.0,0.0,76.0,0.0,90.4935648669634
TASA 34,SAMOA,3,T034,SEPTIEMBRE,228.0,0.0,0.0,0.0,0.0,0.0,0.0,228.0,0.0,29.8843450369613
TASA 35,PUNTA SAL,3,T035,SEPTIEMBRE,265.0,0.0,0.0,0.0,0.0,0.0,0.0,265.0,0.0,90.4935648669634
TASA 36,FLAMINGO,3,T036,SEPTIEMBRE,763.0,0.0,0.0,0.0,0.0,0.0,0.0,763.0,0.0,211.3267594053683
TASA 37,COSTA AZUL,3,T037,SEPTIEMBRE,150.0,0.0,0.0,0.0,0.0,0.0,0.0,150.0,0.0,6.144146480626654
TASA 38,TARATA 3,3,T038,SEPTIEMBRE,350.0,0.0,0.0,0.0,0.0,0.0,0.0,350.0,0.0,121.16620669435693
TASA 41,DON ANGEL,4,T041,SEPTIEMBRE,710.0,0.0,0.0,0.0,0.0,0.0,0.0,710.0,0.0,74.64601640791854
TASA 42,CARMEN LUISA,4,T042,SEPTIEMBRE,1020.0,0.0,0.0,0.0,0.0,0.0,0.0,1020.0,0.0,15.68609009605796
TASA 43,TASA 43,2,T043,SEPTIEMBRE,1070.0,0.0,0.0,0.0,0.0,0.0,0.0,1070.0,0.0,376.5474183324989
TASA 44,TASA 44,2,T044,SEPTIEMBRE,860.0,0.0,0.0,0.0,0.0,0.0,0.0,860.0,0.0,5.539034729249323
TASA 45,TASA 45,2,T045,SEPTIEMBRE,520.0,0.0,0.0,0.0,0.0,0.0,0.0,520.0,0.0,135.86793526230446
TASA 51,SIPESA 63,4,T051,SEPTIEMBRE,2030.0,0.0,0.0,0.0,0.0,0.0,0.0,2030.0,0.0,67.73255685196422
TASA 52,SIPESA 62,4,T052,SEPTIEMBRE,650.0,0.0,0.0,0.0,0.0,0.0,0.0,650.0,0.0,51.0365918098114
TASA 53,MARU 2,4,T053,SEPTIEMBRE,310.0,0.0,0.0,0.0,0.0,0.0,0.0,310.0,0.0,94.87441889589778
TASA 54,JAVIER,4,T054,SEPTIEMBRE,2535.0,0.0,0.0,0.0,0.0,0.0,0.0,2535.0,0.0,480.4912463136385
TASA 55,TASA 55,4,T055,SEPTIEMBRE,670.0,0.0,0.0,0.0,0.0,0.0,0.0,670.0,0.0,8.615413754785168
TASA 56,SANTA ENMA,4,T056,SEPTIEMBRE,2710.0,0.0,0.0,0.0,0.0,0.0,0.0,2710.0,0.0,18.06976803245607
TASA 57,COPETSA 4,4,T057,SEPTIEMBRE,1360.0,0.0,0.0,0.0,0.0,0.0,0.0,1360.0,0.0,894.5722820495757
TASA 58,COPETSA 2,4,T058,SEPTIEMBRE,831.0,0.0,0.0,0.0,0.0,0.0,0.0,831.0,0.0,135.86793526230446
TASA 59,COPETSA 1,4,T059,SEPTIEMBRE,1460.0,0.0,0.0,0.0,0.0,0.0,0.0,1460.0,0.0,104.6077993806305
TASA 61,SEBASTIAN,2,T061,SEPTIEMBRE,0.0,0.0,0.0,0.0,0.0,0.0,0.0,0.0,0.0,90.4935648669634
TASA 71,DON ABRAHAM,4,T071,SEPTIEMBRE,2150.0,0.0,0.0,0.0,0.0,0.0,0.0,2150.0,0.0,370.8308274220091
TASA 111,CAPLINA 8,1,T111,SEPTIEMBRE,3096.0,0.0,0.0,0.0,0.0,0.0,0.0,3096.0,0.0,95.87063849782986
TASA 210,PIZARRO 10,3,T210,SEPTIEMBRE,75.0,0.0,0.0,0.0,0.0,0.0,0.0,75.0,0.0,90.4935648669634
TASA 218,BRAVO 10,1,T218,SEPTIEMBRE,80.0,0.0,0.0,0.0,0.0,0.0,0.0,80.0,0.0,12.8075275532801
TASA 220,MACABI 3,1,T220,SEPTIEMBRE,180.0,0.0,0.0,0.0,0.0,0.0,0.0,180.0,0.0,21.08959829119639
TASA 310,ZAÑA,1,T310,SEPTIEMBRE,0.0,0.0,0.0,0.0,0.0,0.0,0.0,0.0,0.0,16.0248265001602
TASA 314,CONTUMAZA 4,1,T314,SEPTIEMBRE,1610.0,0.0,0.0,0.0,0.0,0.0,0.0,1610.0,0.0,345.5257886710817
TASA 315,BRAVO 7,1,T315,SEPTIEMBRE,223.0,0.0,0.0,0.0,0.0,0.0,0.0,223.0,0.0,7.698203205464261
TASA 411,SIPAN,2,T411,SEPTIEMBRE,170.0,0.0,0.0,0.0,0.0,0.0,0.0,170.0,0.0,20.61222145604021
TASA 412,SECHIN II,2,T412,SEPTIEMBRE,275.0,0.0,0.0,0.0,0.0,0.0,0.0,275.0,0.0,93.87362638282659
TASA 413,OLMOS II,2,T413,SEPTIEMBRE,0.0,0.0,0.0,0.0,0.0,0.0,0.0,0.0,0.0,90.4935648669634
TASA 414,ESTRELLA,2,T414,SEPTIEMBRE,318.0,0.0,0.0,0.0,0.0,0.0,0.0,318.0,0.0,2.343701150005146
TASA 415,INDEPENDENCIA I,2,T415,SEPTIEMBRE,315.0,0.0,0.0,0.0,0.0,0.0,0.0,315.0,0.0,94.87441889589778
TASA 416,SALKANTAY,2,T416,SEPTIEMBRE,170.0,0.0,0.0,0.0,0.0,0.0,0.0,170.0,0.0,90.4935648669634
TASA 417,INANSA,2,T417,SEPTIEMBRE,250.0,0.0,0.0,0.0,0.0,0.0,0.0,250.0,0.0,90.4935648669634
TASA 418,INDEPENDENCIA II,2,T418,SEPTIEMBRE,220.0,0.0,0.0,0.0,0.0,0.0,0.0,220.0,0.0,90.4935648669634
TASA 419,DOÑA BEILA,4,T419,SEPTIEMBRE,590.0,0.0,0.0,0.0,0.0,0.0,0.0,590.0,0.0,49.57920222641622
TASA 420,GUILLERMO,2,T420,SEPTIEMBRE,225.0,0.0,0.0,0.0,0.0,0.0,0.0,225.0,0.0,90.4935648669634
TASA 424,BRAVO 4,3,T424,SEPTIEMBRE,260.0,0.0,0.0,0.0,0.0,0.0,0.0,260.0,0.0,13.1944494069561
TASA 425,BRAVO 9,2,T425,SEPTIEMBRE,360.0,0.0,0.0,0.0,0.0,0.0,0.0,360.0,0.0,121.16620669435693
TASA 426,DON ENRIQUE,3,T426,SEPTIEMBRE,100.0,0.0,0.0,0.0,0.0,0.0,0.0,100.0,0.0,90.4935648669634
TASA 427,ESTHER 7,4,T427,SEPTIEMBRE,500.0,0.0,0.0,0.0,0.0,0.0,0.0,500.0,0.0,106.20075677534851
TASA 17,RIMAC 4,1,T017,OCTUBRE,110.0,0.0,0.0,0.0,0.0,0.0,0.0,110.0,0.0,90.4935648669634
TASA 21,LOBO I,3,T021,OCTUBRE,310.0,0.0,0.0,0.0,0.0,0.0,0.0,310.0,0.0,1.321649410857777
TASA 22,MAYTE,3,T022,OCTUBRE,111.0,0.0,0.0,0.0,0.0,0.0,0.0,111.0,0.0,90.4935648669634
TASA 23,LOBO II,3,T023,OCTUBRE,207.0,0.0,0.0,0.0,0.0,0.0,0.0,207.0,0.0,9.324318325494263
TASA 31,JAYANCA,1,T031,OCTUBRE,190.0,0.0,0.0,0.0,0.0,0.0,0.0,190.0,0.0,90.4935648669634
TASA 32,PEGASO,3,T032,OCTUBRE,64.0,0.0,0.0,0.0,0.0,0.0,0.0,64.0,0.0,90.4935648669634
TASA 34,SAMOA,3,T034,OCTUBRE,213.0,0.0,0.0,0.0,0.0,0.0,0.0,213.0,0.0,93.76031368133552
TASA 35,PUNTA SAL,3,T035,OCTUBRE,215.0,0.0,0.0,0.0,0.0,0.0,0.0,215.0,0.0,90.4935648669634
TASA 36,FLAMINGO,3,T036,OCTUBRE,306.0,0.0,0.0,0.0,0.0,0.0,0.0,306.0,0.0,36.22918649895574
TASA 37,COSTA AZUL,3,T037,OCTUBRE,110.0,0.0,0.0,0.0,0.0,0.0,0.0,110.0,0.0,173.5292659810475
TASA 38,TARATA 3,3,T038,OCTUBRE,312.0,0.0,0.0,0.0,0.0,0.0,0.0,312.0,0.0,4.369348479899224
TASA 41,DON ANGEL,4,T041,OCTUBRE,503.0,0.0,0.0,0.0,0.0,0.0,0.0,503.0,0.0,109.9546085524929
TASA 42,CARMEN LUISA,4,T042,OCTUBRE,708.0,0.0,0.0,0.0,0.0,0.0,0.0,708.0,0.0,108.6422200509479
TASA 43,TASA 43,2,T043,OCTUBRE,715.0,0.0,0.0,0.0,0.0,0.0,0.0,715.0,0.0,237.6678661845073
TASA 44,TASA 44,2,T044,OCTUBRE,512.0,0.0,0.0,0.0,0.0,0.0,0.0,512.0,0.0,29.41546491714566
TASA 45,TASA 45,2,T045,OCTUBRE,404.0,0.0,0.0,0.0,0.0,0.0,0.0,404.0,0.0,114.78726223783349
TASA 51,SIPESA 63,4,T051,OCTUBRE,1003.0,0.0,0.0,0.0,0.0,0.0,0.0,1003.0,0.0,82.02731209357094
TASA 52,SIPESA 62,4,T052,OCTUBRE,509.0,0.0,0.0,0.0,0.0,0.0,0.0,509.0,0.0,102.0687832281478
TASA 53,MARU 2,4,T053,OCTUBRE,-7754.0,0.0,0.0,0.0,0.0,0.0,0.0,-7754.0,0.0,90.4935648669634
TASA 54,JAVIER,4,T054,OCTUBRE,1010.0,0.0,0.0,0.0,0.0,0.0,0.0,1010.0,0.0,131.22136449721296
TASA 55,TASA 55,4,T055,OCTUBRE,502.0,0.0,0.0,0.0,0.0,0.0,0.0,502.0,0.0,107.0510081961794
TASA 56,SANTA ENMA,4,T056,OCTUBRE,1011.0,0.0,0.0,0.0,0.0,0.0,0.0,1011.0,0.0,47.07235945989987
TASA 57,COPETSA 4,4,T057,OCTUBRE,611.0,0.0,0.0,0.0,0.0,0.0,0.0,611.0,0.0,606.6437976932948
TASA 58,COPETSA 2,4,T058,OCTUBRE,514.0,0.0,0.0,0.0,0.0,0.0,0.0,514.0,0.0,106.20075677534851
TASA 59,COPETSA 1,4,T059,OCTUBRE,1011.0,0.0,0.0,0.0,0.0,0.0,0.0,1011.0,0.0,37.49056003729953
TASA 61,SEBASTIAN,2,T061,OCTUBRE,114.0,0.0,0.0,0.0,0.0,0.0,0.0,114.0,0.0,90.4935648669634
TASA 71,DON ABRAHAM,4,T071,OCTUBRE,1011.0,0.0,0.0,0.0,0.0,0.0,0.0,1011.0,0.0,3.778812197690449
TASA 111,CAPLINA 8,1,T111,OCTUBRE,50.0,0.0,0.0,0.0,0.0,0.0,0.0,50.0,0.0,22.98392391328098
TASA 210,PIZARRO 10,3,T210,OCTUBRE,53.0,0.0,0.0,0.0,0.0,0.0,0.0,53.0,0.0,90.4935648669634
TASA 218,BRAVO 10,1,T218,OCTUBRE,59.0,0.0,0.0,0.0,0.0,0.0,0.0,59.0,0.0,14.46389274957926
TASA 220,MACABI 3,1,T220,OCTUBRE,59.0,0.0,0.0,0.0,0.0,0.0,0.0,59.0,0.0,49.00709166152777
TASA 310,ZAÑA,1,T310,OCTUBRE,-795.0,0.0,0.0,0.0,0.0,0.0,0.0,-795.0,0.0,90.4935648669634
TASA 314,CONTUMAZA 4,1,T314,OCTUBRE,503.0,0.0,0.0,0.0,0.0,0.0,0.0,503.0,0.0,106.20075677534851
TASA 315,BRAVO 7,1,T315,OCTUBRE,101.0,0.0,0.0,0.0,0.0,0.0,0.0,101.0,0.0,50.05982160728843
TASA 411,SIPAN,2,T411,OCTUBRE,64.0,0.0,0.0,0.0,0.0,0.0,0.0,64.0,0.0,199.5180359915351
TASA 412,SECHIN II,2,T412,OCTUBRE,114.0,0.0,0.0,0.0,0.0,0.0,0.0,114.0,0.0,90.4935648669634
TASA 413,OLMOS II,2,T413,OCTUBRE,0.0,0.0,0.0,0.0,0.0,0.0,0.0,0.0,0.0,90.4935648669634
TASA 414,ESTRELLA,2,T414,OCTUBRE,210.0,0.0,0.0,0.0,0.0,0.0,0.0,210.0,0.0,33.32940266733861
TASA 415,INDEPENDENCIA I,2,T415,OCTUBRE,201.0,0.0,0.0,0.0,0.0,0.0,0.0,201.0,0.0,90.4935648669634
TASA 416,SALKANTAY,2,T416,OCTUBRE,112.0,0.0,0.0,0.0,0.0,0.0,0.0,112.0,0.0,90.4935648669634
TASA 417,INANSA,2,T417,OCTUBRE,109.0,0.0,0.0,0.0,0.0,0.0,0.0,109.0,0.0,90.4935648669634
TASA 418,INDEPENDENCIA II,2,T418,OCTUBRE,103.0,0.0,0.0,0.0,0.0,0.0,0.0,103.0,0.0,90.4935648669634
TASA 419,DOÑA BEILA,4,T419,OCTUBRE,306.0,0.0,0.0,0.0,0.0,0.0,0.0,306.0,0.0,2901.646510293002
TASA 420,GUILLERMO,2,T420,OCTUBRE,105.0,0.0,0.0,0.0,0.0,0.0,0.0,105.0,0.0,5.729030577782683
TASA 424,BRAVO 4,3,T424,OCTUBRE,104.0,0.0,0.0,0.0,0.0,0.0,0.0,104.0,0.0,31.22471340057847
TASA 425,BRAVO 9,2,T425,OCTUBRE,101.0,0.0,0.0,0.0,0.0,0.0,0.0,101.0,0.0,90.4935648669634
TASA 426,DON ENRIQUE,3,T426,OCTUBRE,104.0,0.0,0.0,0.0,0.0,0.0,0.0,104.0,0.0,90.4935648669634
TASA 427,ESTHER 7,4,T427,OCTUBRE,113.0,0.0,0.0,0.0,0.0,0.0,0.0,113.0,0.0,90.4935648669634
TASA 17,RIMAC 4,1,T017,NOVIEMBRE,804.0,0.0,4526.0,0.0,0.0,0.0,0.0,5330.0,1360.92,3338.399452669751
TASA 21,LOBO I,3,T021,NOVIEMBRE,278.0,549.0,6324.0,0.0,0.0,0.0,0.0,7151.0,1823.835,3550.894330722976
TASA 22,MAYTE,3,T022,NOVIEMBRE,481.0,0.0,5733.0,0.0,0.0,0.0,0.0,6214.0,2559.34,3072.018706932233
TASA 23,LOBO II,1,T023,NOVIEMBRE,943.0,0.0,6875.0,0.0,0.0,0.0,0.0,7818.0,2689.145,3281.120610880991
TASA 31,JAYANCA,1,T031,NOVIEMBRE,300.0,0.0,4430.0,0.0,0.0,0.0,0.0,4730.0,1737.52,2940.250244026979
TASA 32,PEGASO,2,T032,NOVIEMBRE,540.0,0.0,6518.0,0.0,0.0,0.0,0.0,7058.0,2524.185,3675.29122241201
TASA 34,SAMOA,3,T034,NOVIEMBRE,4897.0,0.0,7415.0,0.0,0.0,0.0,0.0,12312.0,2274.76,2969.792086776805
TASA 35,PUNTA SAL,1,T035,NOVIEMBRE,923.0,0.0,6145.0,0.0,0.0,0.0,0.0,7068.0,2249.845,2892.104540604533
TASA 36,FLAMINGO,1,T036,NOVIEMBRE,932.0,0.0,7329.0,0.0,0.0,0.0,0.0,8261.0,2324.1,3861.717141362986
TASA 37,COSTA AZUL,2,T037,NOVIEMBRE,671.0,661.0,7167.0,0.0,0.0,0.0,0.0,8499.0,2284.43,3868.334563943752
TASA 38,TARATA 3,3,T038,NOVIEMBRE,293.0,20.0,5010.0,0.0,0.0,0.0,0.0,5323.0,2167.5,2743.882670873302
TASA 41,DON ANGEL,2,T041,NOVIEMBRE,4147.0,0.0,18850.0,0.0,0.0,0.0,0.0,22997.0,3639.835,4042.866011018247
TASA 42,CARMEN LUISA,1,T042,NOVIEMBRE,2702.0,0.0,13220.0,0.0,0.0,0.0,0.0,15922.0,1804.595,3074.473575059741
TASA 43,TASA 43,2,T043,NOVIEMBRE,2825.0,0.0,15710.0,0.0,0.0,0.0,0.0,18535.0,2170.2,4932.788118919117
TASA 44,TASA 44,1,T044,NOVIEMBRE,1618.0,0.0,16800.0,0.0,0.0,0.0,0.0,18418.0,2203.46,4272.594930984594
TASA 45,TASA 45,2,T045,NOVIEMBRE,3596.0,450.0,4860.0,0.0,0.0,0.0,0.0,8906.0,761.26,1581.9323693020206
TASA 51,SIPESA 63,2,T051,NOVIEMBRE,3677.0,0.0,18540.0,0.0,0.0,0.0,0.0,22217.0,3001.325,4058.30971620526
TASA 52,SIPESA 62,3,T052,NOVIEMBRE,4491.0,0.0,21167.0,0.0,0.0,0.0,0.0,25658.0,2942.28,4240.656205874986
TASA 53,MARU 2,3,T053,NOVIEMBRE,3561.0,0.0,16300.0,0.0,0.0,0.0,0.0,19861.0,2590.74,4611.645032298902
TASA 54,JAVIER,1,T054,NOVIEMBRE,2912.0,900.0,22135.0,0.0,0.0,0.0,0.0,25947.0,2685.69,4898.009877736216
TASA 55,TASA 55,3,T055,NOVIEMBRE,4698.0,0.0,17610.0,0.0,0.0,0.0,0.0,22308.0,2316.695,4579.585605732905
TASA 56,SANTA ENMA,2,T056,NOVIEMBRE,2019.0,0.0,20420.0,0.0,0.0,0.0,0.0,22439.0,2407.135,4152.730734558103
TASA 57,COPETSA 4,3,T057,NOVIEMBRE,4439.0,850.0,15800.0,0.0,0.0,0.0,0.0,21089.0,2449.875,4590.803775088916
TASA 58,COPETSA 2,1,T058,NOVIEMBRE,5585.0,0.0,14600.0,0.0,0.0,0.0,0.0,20185.0,2775.945,5339.060198072452
TASA 59,COPETSA 1,2,T059,NOVIEMBRE,1359.0,0.0,22980.0,0.0,0.0,0.0,0.0,24339.0,2674.68,4465.448934912632
TASA 61,SEBASTIAN,2,T061,NOVIEMBRE,2911.0,1040.0,13675.0,0.0,0.0,0.0,0.0,17626.0,1961.465,5090.780620580428
TASA 71,DON ABRAHAM,2,T071,NOVIEMBRE,4588.0,0.0,21554.0,0.0,0.0,0.0,0.0,26142.0,2968.215,5718.153970604649
TASA 111,CAPLINA 8,2,T111,NOVIEMBRE,-747.0,257.0,4069.0,0.0,0.0,0.0,0.0,3579.0,1181.875,3477.762551674242
TASA 210,PIZARRO 10,1,T210,NOVIEMBRE,1066.0,310.0,6280.0,0.0,0.0,0.0,0.0,7656.0,1784.31,3472.4835547838584
TASA 218,BRAVO 10,3,T218,NOVIEMBRE,643.0,60.0,5706.0,0.0,0.0,0.0,0.0,6409.0,1345.19,3229.047969393128
TASA 220,MACABI 3,2,T220,NOVIEMBRE,361.0,0.0,4365.0,0.0,0.0,0.0,0.0,4726.0,1751.815,2923.842327788917
TASA 310,ZAÑA,2,T310,NOVIEMBRE,255.0,0.0,5790.0,0.0,0.0,0.0,0.0,6045.0,2314.35,2922.9088940819
TASA 314,CONTUMAZA 4,1,T314,NOVIEMBRE,22917.0,400.0,8560.0,0.0,0.0,0.0,0.0,31877.0,2026.42,6222.360499437156
TASA 315,BRAVO 7,3,T315,NOVIEMBRE,644.0,0.0,7536.0,0.0,0.0,0.0,0.0,8180.0,3274.96,3351.48742794308
TASA 411,SIPAN,1,T411,NOVIEMBRE,2605.0,720.0,9610.0,0.0,0.0,0.0,0.0,12935.0,2322.345,3959.926493590089
TASA 412,SECHIN II,3,T412,NOVIEMBRE,2068.0,407.0,8799.0,0.0,0.0,0.0,0.0,11274.0,2992.635,4292.618651045469
TASA 413,OLMOS II,2,T413,NOVIEMBRE,1650.0,0.0,11430.0,0.0,0.0,0.0,0.0,13080.0,3071.195,5248.031000752918
TASA 414,ESTRELLA,2,T414,NOVIEMBRE,1424.0,0.0,8243.0,0.0,0.0,0.0,0.0,9667.0,2812.365,1.257722941743947
TASA 415,INDEPENDENCIA I,3,T415,NOVIEMBRE,944.0,0.0,7630.0,0.0,0.0,0.0,0.0,8574.0,2232.135,4035.068504234425
TASA 416,SALKANTAY,3,T416,NOVIEMBRE,1238.0,450.0,10000.0,0.0,0.0,0.0,0.0,11688.0,2873.43,5135.196764055608
TASA 417,INANSA,1,T417,NOVIEMBRE,2167.0,0.0,9617.0,0.0,0.0,0.0,0.0,11784.0,2500.545,4404.696062660467
TASA 418,INDEPENDENCIA II,1,T418,NOVIEMBRE,2137.0,600.0,9375.0,0.0,0.0,0.0,0.0,12112.0,2847.13,4628.649701047011
TASA 419,DOÑA BEILA,3,T419,NOVIEMBRE,10114.0,0.0,12600.0,0.0,0.0,0.0,0.0,22714.0,2288.27,3963.865936089543
TASA 420,GUILLERMO,3,T420,NOVIEMBRE,3780.0,640.0,8940.0,0.0,0.0,0.0,0.0,13360.0,2822.415,3925.687896063284
TASA 424,BRAVO 4,1,T424,NOVIEMBRE,916.0,460.0,6540.0,0.0,0.0,0.0,0.0,7916.0,2118.05,3606.228216571539
TASA 425,BRAVO 9,3,T425,NOVIEMBRE,3769.0,0.0,14070.0,0.0,0.0,0.0,0.0,17839.0,2643.98,4775.441414210689
TASA 426,DON ENRIQUE,2,T426,NOVIEMBRE,1946.0,0.0,11300.0,0.0,0.0,0.0,0.0,13246.0,2361.22,3922.537668559443
TASA 427,ESTHER 7,1,T427,NOVIEMBRE,2187.0,900.0,15300.0,0.0,0.0,0.0,0.0,18387.0,2390.48,4589.680464022188
TASA 17,RIMAC 4,1,T017,DICIEMBRE,856.0,855.0,4849.0,0.0,0.0,0.0,0.0,6560.0,1368.38,4200.597216267814
TASA 21,LOBO I,3,T021,DICIEMBRE,139.0,879.0,9038.0,0.0,0.0,0.0,0.0,10056.0,2268.755,5130.502206157298
TASA 22,MAYTE,3,T022,DICIEMBRE,293.0,700.0,7613.0,0.0,0.0,0.0,0.0,8606.0,2476.335,4684.764674292645
TASA 23,LOBO II,1,T023,DICIEMBRE,60.0,1020.0,8815.0,0.0,0.0,0.0,0.0,9895.0,1882.565,4943.600519609477
TASA 31,JAYANCA,1,T031,DICIEMBRE,50.0,500.0,6720.0,0.0,0.0,0.0,0.0,7270.0,2077.605,4066.775396952853
TASA 32,PEGASO,2,T032,DICIEMBRE,89.0,347.0,7631.0,0.0,0.0,0.0,0.0,8067.0,1571.98,3998.1445021862355
TASA 34,SAMOA,3,T034,DICIEMBRE,50.0,560.0,11655.0,0.0,0.0,0.0,0.0,12265.0,2759.38,4991.966964065234
TASA 35,PUNTA SAL,1,T035,DICIEMBRE,90.0,770.0,7550.0,0.0,0.0,0.0,0.0,8410.0,2039.49,3816.818762498956
TASA 36,FLAMINGO,1,T036,DICIEMBRE,1045.0,420.0,9040.0,0.0,0.0,0.0,0.0,10505.0,2268.37,4503.648154013462
TASA 37,COSTA AZUL,2,T037,DICIEMBRE,180.0,731.0,7424.0,0.0,0.0,0.0,0.0,8335.0,2387.54,4143.726954508684
TASA 38,TARATA 3,3,T038,DICIEMBRE,485.0,140.0,6920.0,0.0,0.0,0.0,0.0,7545.0,1845.475,4158.177091731523
TASA 41,DON ANGEL,2,T041,DICIEMBRE,130.0,900.0,25000.0,0.0,0.0,0.0,0.0,26030.0,3888.53,6098.262175012062
TASA 42,CARMEN LUISA,1,T042,DICIEMBRE,485.0,85.0,19290.0,0.0,0.0,0.0,0.0,19860.0,2436.845,3912.318313177796
TASA 43,TASA 43,2,T043,DICIEMBRE,860.0,1010.0,30070.0,0.0,0.0,0.0,0.0,31940.0,4209.405,5790.543532652613
TASA 44,TASA 44,1,T044,DICIEMBRE,0.0,0.0,29530.0,0.0,0.0,0.0,0.0,29530.0,4219.119999999999,7938.789143407303
TASA 45,TASA 45,2,T045,DICIEMBRE,0.0,0.0,0.0,0.0,0.0,0.0,0.0,0.0,0.0,90.4935648669634
TASA 51,SIPESA 63,2,T051,DICIEMBRE,0.0,0.0,40430.0,0.0,0.0,0.0,0.0,40430.0,6436.954999999998,7637.484303865672
TASA 52,SIPESA 62,3,T052,DICIEMBRE,0.0,2330.0,46433.0,0.0,0.0,0.0,0.0,48763.0,5809.139999999999,8657.7773578184
TASA 53,MARU 2,3,T053,DICIEMBRE,0.0,0.0,35500.0,0.0,0.0,0.0,0.0,35500.0,5471.280000000001,6455.239494335619
TASA 54,JAVIER,1,T054,DICIEMBRE,0.0,0.0,46185.0,0.0,0.0,0.0,0.0,46185.0,5581.065000000001,8465.417756224602
TASA 55,TASA 55,3,T055,DICIEMBRE,0.0,0.0,43650.0,0.0,0.0,0.0,0.0,43650.0,5554.490000000001,7745.237010193558
TASA 56,SANTA ENMA,2,T056,DICIEMBRE,0.0,0.0,44760.0,0.0,0.0,0.0,0.0,44760.0,5229.925000000001,9554.189168178907
TASA 57,COPETSA 4,3,T057,DICIEMBRE,0.0,0.0,31400.0,0.0,0.0,0.0,0.0,31400.0,4941.6,7834.329599697036
TASA 58,COPETSA 2,1,T058,DICIEMBRE,0.0,0.0,35250.0,0.0,0.0,0.0,0.0,35250.0,6515.395,6498.014112590665
TASA 59,COPETSA 1,2,T059,DICIEMBRE,0.0,0.0,43620.0,0.0,0.0,0.0,0.0,43620.0,4215.315,8095.853456936085
TASA 61,SEBASTIAN,2,T061,DICIEMBRE,420.0,1970.0,24860.0,0.0,0.0,0.0,0.0,27250.0,4704.92,7174.815739476428
TASA 71,DON ABRAHAM,2,T071,DICIEMBRE,0.0,0.0,52800.0,0.0,0.0,0.0,0.0,52800.0,7069.815000000001,8608.718816688192
TASA 111,CAPLINA 8,2,T111,DICIEMBRE,-200.0,316.0,4856.0,0.0,0.0,0.0,0.0,4972.0,1398.04,3890.794287391373
TASA 210,PIZARRO 10,1,T210,DICIEMBRE,30.0,330.0,6900.0,0.0,0.0,0.0,0.0,7260.0,2001.745,3982.3366348626064
TASA 218,BRAVO 10,3,T218,DICIEMBRE,44.0,266.0,7780.0,0.0,0.0,0.0,0.0,8090.0,1490.825,4154.709447993858
TASA 220,MACABI 3,2,T220,DICIEMBRE,100.0,770.0,4535.0,0.0,0.0,0.0,0.0,5405.0,1479.495,3916.041924521355
TASA 310,ZAÑA,2,T310,DICIEMBRE,240.0,2250.0,7180.0,0.0,0.0,0.0,0.0,9670.0,2442.19,4482.503251463216
TASA 314,CONTUMAZA 4,1,T314,DICIEMBRE,3100.0,970.0,13620.0,0.0,0.0,0.0,0.0,17690.0,2181.635,4909.155865248473
TASA 315,BRAVO 7,3,T315,DICIEMBRE,15.0,679.0,9318.0,0.0,0.0,0.0,0.0,10012.0,2588.155,4410.484745031586
TASA 411,SIPAN,1,T411,DICIEMBRE,530.0,940.0,14270.0,0.0,0.0,0.0,0.0,15740.0,2758.64,5496.67851547455
TASA 412,SECHIN II,3,T412,DICIEMBRE,10.0,900.0,11757.0,0.0,0.0,0.0,0.0,12667.0,3622.960000000001,4775.902826206409
TASA 413,OLMOS II,2,T413,DICIEMBRE,35.0,525.0,13320.0,0.0,0.0,0.0,0.0,13880.0,3220.080000000001,5564.777902626191
TASA 414,ESTRELLA,2,T414,DICIEMBRE,395.0,570.0,11243.0,0.0,0.0,0.0,0.0,12208.0,3249.475,5248.031000752918
TASA 415,INDEPENDENCIA I,3,T415,DICIEMBRE,370.0,0.0,14820.0,0.0,0.0,0.0,0.0,15190.0,3034.694999999999,5415.496965318325
TASA 416,SALKANTAY,3,T416,DICIEMBRE,400.0,730.0,14400.0,0.0,0.0,0.0,0.0,15530.0,3166.155000000001,5772.451729653821
TASA 417,INANSA,1,T417,DICIEMBRE,140.0,0.0,14935.0,0.0,0.0,0.0,0.0,15075.0,3420.505,5776.451494006577
TASA 418,INDEPENDENCIA II,1,T418,DICIEMBRE,25.0,625.0,12915.0,0.0,0.0,0.0,0.0,13565.0,3176.880000000001,5061.855787470399
TASA 419,DOÑA BEILA,3,T419,DICIEMBRE,0.0,1000.0,26850.0,0.0,0.0,0.0,0.0,27850.0,4278.13,7446.906216008291
TASA 420,GUILLERMO,3,T420,DICIEMBRE,435.0,850.0,15915.0,0.0,0.0,0.0,0.0,17200.0,2692.265,6246.021239707227
TASA 424,BRAVO 4,1,T424,DICIEMBRE,300.0,840.0,11760.0,0.0,0.0,0.0,0.0,12900.0,3676.264999999999,5669.212628085904
TASA 425,BRAVO 9,3,T425,DICIEMBRE,370.0,550.0,18570.0,0.0,0.0,0.0,0.0,19490.0,3384.37,5646.586342638913
TASA 426,DON ENRIQUE,2,T426,DICIEMBRE,190.0,1020.0,11640.0,0.0,0.0,0.0,0.0,12850.0,2604.07,4641.227840971238
TASA 427,ESTHER 7,1,T427,DICIEMBRE,0.0,60.0,27440.0,0.0,0.0,0.0,0.0,27500.0,4268.394999999999,7336.709093025482
